prenom_nom	mail	adresse	code_postal	ville	etat
Grannie Cossins	gcossins0@mysql.com	89650 Valley Edge Alley	78215	San Antonio	Texas
Phillis Goodanew	pgoodanew1@shop-pro.jp	54 4th Street	95894	Sacramento	California
Maureen Grassett	mgrassett2@squarespace.com	39828 Londonderry Court	94110	San Francisco	California
Carolynn Steedman	csteedman3@yahoo.co.jp	293 Marcy Alley	91841	Alhambra	California
Winifred Orrah	worrah4@yellowbook.com	77 Red Cloud Avenue	75210	Dallas	Texas
Tris Tupper	ttupper5@de.vu	3280 Judy Place	34615	Clearwater	Florida
Melodee Brookfield	mbrookfield6@lycos.com	7384 Towne Junction	11355	Flushing	New York
Franzen Robken	frobken7@imdb.com	918 Rieder Point	33023	Hollywood	Florida
Cathee Belchamber	cbelchamber8@51.la	1013 Anderson Drive	10160	New York City	New York
Vivie Cadden	vcadden9@mediafire.com	9611 Elmside Circle	12210	Albany	New York
Tess Vigne	tvignea@sfgate.com	0 Green Terrace	90040	Los Angeles	California
Mycah Heazel	mheazelb@rakuten.co.jp	109 Rowland Road	12205	Albany	New York
Dallas Crolla	dcrollac@networkadvertising.org	841 Corscot Crossing	77090	Houston	Texas
Dukie Boxell	dboxelld@nhs.uk	6 Transport Trail	33710	Saint Petersburg	Florida
Olivie Gentsch	ogentsche@google.es	122 Elgar Trail	33731	Saint Petersburg	Florida
Jaime Phillis	jphillisf@artisteer.com	629 Ronald Regan Way	77035	Houston	Texas
Devon Allan	dallang@senate.gov	4 Grim Avenue	77075	Houston	Texas
Benn Geall	bgeallh@drupal.org	35 Saint Paul Point	78205	San Antonio	Texas
Bill Midghall	bmidghalli@hud.gov	966 Spenser Way	32277	Jacksonville	Florida
Ronalda Averill	raverillj@histats.com	8956 Continental Parkway	94121	San Francisco	California
Nikos Alcido	nalcidok@booking.com	2 Glacier Hill Center	88514	El Paso	Texas
Northrup Mease	nmeasel@ifeng.com	98 Heffernan Alley	92176	San Diego	California
Linzy Elsdon	lelsdonm@acquirethisname.com	4108 Saint Paul Hill	7112	Newark	New Jersey
Ester Cree	ecreen@chron.com	8558 Florence Center	11210	Brooklyn	New York
Nonnah O'Fogarty	nofogartyo@zdnet.com	9840 Texas Drive	95833	Sacramento	California
Sukey Flobert	sflobertp@newyorker.com	7230 Southridge Lane	33190	Miami	Florida
Rory Welbelove	rwelbeloveq@google.com.au	5 Hauk Point	33169	Miami	Florida
Damon Kindall	dkindallr@pcworld.com	9793 Hudson Pass	75379	Dallas	Texas
Hughie Wiffield	hwiffields@umich.edu	78431 Becker Terrace	33686	Tampa	Florida
Gaynor Bewicke	gbewicket@usda.gov	72154 Clemons Parkway	79105	Amarillo	Texas
Ole Tomasello	otomasellou@bandcamp.com	26 Dorton Court	88519	El Paso	Texas
Deana Cordobes	dcordobesv@usatoday.com	9760 Longview Parkway	7522	Paterson	New Jersey
Terry Elman	telmanw@artisteer.com	934 Ramsey Point	90610	Whittier	California
Delcina Memory	dmemoryx@intel.com	18 Morrow Avenue	33487	Boca Raton	Florida
Gerrie Polkinhorn	gpolkinhorny@squarespace.com	1 Pankratz Crossing	33175	Miami	Florida
Sheilakathryn McNeish	smcneishz@360.cn	0 Drewry Road	14683	Rochester	New York
Jasmine Orriss	jorriss10@lycos.com	62105 Veith Terrace	77095	Houston	Texas
Robina Nezey	rnezey11@so-net.ne.jp	0532 Lakewood Gardens Plaza	76598	Gatesville	Texas
Dougy Kerford	dkerford12@arstechnica.com	4928 Westend Parkway	75049	Garland	Texas
Lexis Macbane	lmacbane13@yale.edu	2 Talisman Hill	76711	Waco	Texas
Atlanta Kemmey	akemmey14@trellian.com	9817 Caliangt Road	76192	Fort Worth	Texas
Christoforo Bengtsson	cbengtsson15@discovery.com	43 Swallow Way	94297	Sacramento	California
Bjorn Coulson	bcoulson16@businessinsider.com	74 Pine View Pass	95123	San Jose	California
Allix Perrin	aperrin17@princeton.edu	06282 Hanover Crossing	91186	Pasadena	California
Annaliese Aizikovich	aaizikovich18@hp.com	1 Eastlawn Pass	90189	Los Angeles	California
Ardella Gerardot	agerardot19@addtoany.com	54218 Loeprich Street	92191	San Diego	California
Justinian MacShirie	jmacshirie1a@jigsy.com	3921 Maywood Alley	76210	Denton	Texas
Mercie Esselen	messelen1b@yandex.ru	129 Hoard Street	75710	Tyler	Texas
Hadlee Kubis	hkubis1c@harvard.edu	91438 Washington Street	32595	Pensacola	Florida
Padget Lovick	plovick1d@smugmug.com	3390 Carioca Center	77493	Katy	Texas
Roddy Heningam	rheningam1e@spotify.com	3408 Gerald Trail	92668	Orange	California
Juli Briztman	jbriztman1f@fc2.com	3211 Dovetail Parkway	10184	New York City	New York
Rufe Bowller	rbowller1g@va.gov	723 Green Terrace	7522	Paterson	New Jersey
Patrice Muffin	pmuffin1h@spiegel.de	37 Lukken Drive	33487	Boca Raton	Florida
Candice Bortoli	cbortoli1i@shop-pro.jp	3 Havey Plaza	33499	Boca Raton	Florida
Jere Littledike	jlittledike1j@bandcamp.com	1 Almo Point	10060	New York City	New York
Dannie Lefort	dlefort1k@1und1.de	80289 Westend Terrace	76110	Fort Worth	Texas
Dorice Glowinski	dglowinski1l@vistaprint.com	05 Green Ridge Drive	94207	Sacramento	California
Almeta MacNess	amacness1m@vk.com	92 Granby Place	7505	Paterson	New Jersey
Licha Wrighton	lwrighton1n@intel.com	4 Farwell Pass	77806	Bryan	Texas
Lydon Rathe	lrathe1o@imgur.com	3452 Loeprich Point	79710	Midland	Texas
Bradford Wickenden	bwickenden1p@businessweek.com	59944 Mandrake Junction	33064	Pompano Beach	Florida
Palm Hillhouse	phillhouse1q@go.com	0243 Laurel Avenue	90040	Los Angeles	California
Teirtza Baudouin	tbaudouin1r@google.co.uk	916 Packers Place	92013	Carlsbad	California
Bekki Lovatt	blovatt1s@home.pl	1473 Hagan Place	75323	Dallas	Texas
Addison Rame	arame1t@list-manage.com	234 Larry Alley	33158	Miami	Florida
Alonzo Gouldthorpe	agouldthorpe1u@stanford.edu	179 Troy Lane	91499	Van Nuys	California
Kenon Sprankling	ksprankling1v@wikimedia.org	879 Dapin Street	93704	Fresno	California
Earl Davydychev	edavydychev1w@tinypic.com	76 Merry Street	11254	Brooklyn	New York
Farah Risby	frisby1x@sun.com	09 Almo Hill	11247	Brooklyn	New York
Mano Davidde	mdavidde1y@freewebs.com	173 Blaine Alley	33330	Fort Lauderdale	Florida
Jaynell Pogosian	jpogosian1z@topsy.com	75 Shoshone Drive	90805	Long Beach	California
Henka Rampley	hrampley20@abc.net.au	594 Transport Pass	76210	Denton	Texas
Maitilde Clegg	mclegg21@un.org	2 Fuller Street	34479	Ocala	Florida
Celinda Beckley	cbeckley22@about.me	1 Moland Place	75216	Dallas	Texas
Adair McOrkill	amcorkill23@dailymail.co.uk	6512 Bartillon Trail	92619	Irvine	California
Debbi Batkin	dbatkin24@amazon.de	08 Duke Circle	94627	Oakland	California
Arther Baford	abaford25@pinterest.com	18 Bonner Center	93584	Lancaster	California
Rhonda Woloschin	rwoloschin26@plala.or.jp	50 6th Pass	95205	Stockton	California
Sergei Van Der Walt	svan27@eepurl.com	96399 Brentwood Junction	75310	Dallas	Texas
Curr Kunrad	ckunrad28@sogou.com	425 Talisman Drive	33196	Miami	Florida
Ivy Balbeck	ibalbeck29@webnode.com	19693 Fisk Plaza	92176	San Diego	California
Sayres Beton	sbeton2a@nsw.gov.au	80 Pearson Circle	95138	San Jose	California
Tammie Jamblin	tjamblin2b@huffingtonpost.com	149 Westport Point	95818	Sacramento	California
Marie Giroldo	mgiroldo2c@ehow.com	2 Elmside Plaza	33487	Boca Raton	Florida
Florance Hatrick	fhatrick2d@nbcnews.com	349 Scoville Trail	79710	Midland	Texas
Skippie Poon	spoon2e@hc360.com	86 Ridge Oak Center	75710	Tyler	Texas
Elyse Rist	erist2f@tmall.com	6 Brentwood Crossing	92105	San Diego	California
Arch Kippax	akippax2g@slashdot.org	449 Spohn Avenue	78732	Austin	Texas
Johna Curtayne	jcurtayne2h@loc.gov	8187 Ludington Place	94237	Sacramento	California
Dalt Costanza	dcostanza2i@liveinternet.ru	98384 Fairview Avenue	7195	Newark	New Jersey
Laverne Checklin	lchecklin2j@yolasite.com	45236 Logan Crossing	32204	Jacksonville	Florida
Julissa Rhelton	jrhelton2k@google.com	229 Mccormick Pass	14683	Rochester	New York
Harli Faier	hfaier2l@chronoengine.com	4 Debs Way	92415	San Bernardino	California
Yvette Bucham	ybucham2m@github.io	545 Daystar Lane	75062	Irving	Texas
Sargent Gricewood	sgricewood2n@wunderground.com	024 International Circle	79710	Midland	Texas
Enrique Folomin	efolomin2o@twitpic.com	4 Golf Hill	90071	Los Angeles	California
Bryce Hollingdale	bhollingdale2p@cnbc.com	47 Vera Park	78737	Austin	Texas
Brandais Seilmann	bseilmann2q@elpais.com	03 Derek Road	78205	San Antonio	Texas
Samson Ives	sives2r@dropbox.com	690 American Trail	88530	El Paso	Texas
Devland Zimmerman	dzimmerman2s@alexa.com	74 Pond Center	92645	Garden Grove	California
Enoch Bapty	ebapty2t@cmu.edu	1 Miller Center	75287	Dallas	Texas
Bennie Brassington	bbrassington2u@ft.com	51 Trailsway Pass	33731	Saint Petersburg	Florida
Tina Hablot	thablot2v@auda.org.au	5 Susan Way	78715	Austin	Texas
Padgett Clifft	pclifft2w@nsw.gov.au	9 Waywood Drive	8922	New Brunswick	New Jersey
Ariella Imore	aimore2x@hibu.com	861 Algoma Parkway	90305	Inglewood	California
Claudia Simionescu	csimionescu2y@techcrunch.com	16858 Kropf Crossing	34282	Bradenton	Florida
Lyda Motton	lmotton2z@yandex.ru	3001 Meadow Valley Park	32590	Pensacola	Florida
Vincent Giacomasso	vgiacomasso30@liveinternet.ru	4 Kensington Hill	33175	Miami	Florida
Clementine Bythway	cbythway31@w3.org	5327 Monterey Center	93762	Fresno	California
Caddric Butson	cbutson32@usnews.com	95 Grayhawk Place	77095	Houston	Texas
Olly Petrolli	opetrolli33@ox.ac.uk	1 Commercial Trail	95113	San Jose	California
Cassius Feehery	cfeehery34@imgur.com	0280 Del Sol Lane	34102	Naples	Florida
Wernher Sutton	wsutton35@upenn.edu	899 Butterfield Drive	92013	Carlsbad	California
Ruddy Bartholat	rbartholat36@icio.us	29 Bobwhite Junction	33190	Miami	Florida
Jamey Hacquard	jhacquard37@flavors.me	6678 5th Street	79171	Amarillo	Texas
Addi Sugden	asugden38@apache.org	5 East Crossing	93704	Fresno	California
Farlee Tarplee	ftarplee39@mail.ru	1828 Acker Terrace	32627	Gainesville	Florida
Robinet Greeno	rgreeno3a@cornell.edu	53 Russell Court	90065	Los Angeles	California
Iggie Heck	iheck3b@mit.edu	59 Maryland Alley	92835	Fullerton	California
Herve Mogg	hmogg3c@blog.com	595 Glendale Place	33158	Miami	Florida
Devonne Tchaikovsky	dtchaikovsky3d@nasa.gov	8063 Homewood Terrace	33233	Miami	Florida
Britt Hellwig	bhellwig3e@lulu.com	716 Green Alley	33436	Boynton Beach	Florida
Sascha Bonin	sbonin3f@purevolume.com	524 Knutson Avenue	79165	Amarillo	Texas
Leontine Dellow	ldellow3g@cornell.edu	79102 Harbort Court	75205	Dallas	Texas
Aurlie Stowers	astowers3h@fc2.com	330 Buhler Point	33994	Fort Myers	Florida
Evita Labb	elabb3i@mtv.com	66 Northview Place	94110	San Francisco	California
Kit Moffet	kmoffet3j@washingtonpost.com	10406 Mesta Street	10150	New York City	New York
Linnet Allbrook	lallbrook3k@networkadvertising.org	4 Monterey Alley	32236	Jacksonville	Florida
Wileen Arnely	warnely3l@sogou.com	806 Fisk Avenue	92640	Fullerton	California
Rayner Barosch	rbarosch3m@icio.us	893 Clemons Drive	13205	Syracuse	New York
Bar Rizzello	brizzello3n@blogspot.com	0753 Welch Place	79710	Midland	Texas
Humfrid Bilt	hbilt3o@tripadvisor.com	1 American Junction	76178	Fort Worth	Texas
Susie Duckhouse	sduckhouse3p@columbia.edu	0545 Redwing Avenue	11854	Hicksville	New York
Filide McBayne	fmcbayne3q@google.co.jp	2642 Londonderry Drive	10009	New York City	New York
Fidelia Hefferon	fhefferon3r@smh.com.au	8943 Anthes Pass	88546	El Paso	Texas
Ash Addenbrooke	aaddenbrooke3s@cam.ac.uk	40274 Caliangt Road	19892	Wilmington	Delaware
Marley Sutworth	msutworth3t@wikia.com	1 Sutteridge Place	94297	Sacramento	California
Bianka Porte	bporte3u@patch.com	446 Burning Wood Circle	33345	Fort Lauderdale	Florida
Ardyth Mathias	amathias3v@homestead.com	828 Harper Terrace	33647	Tampa	Florida
Julee Flewan	jflewan3w@si.edu	8270 Ludington Road	79105	Amarillo	Texas
Frank Silvermann	fsilvermann3x@yahoo.com	21 4th Crossing	33416	West Palm Beach	Florida
Pavia Vannet	pvannet3y@google.es	0658 Lakewood Drive	33330	Fort Lauderdale	Florida
Daffie Strange	dstrange3z@vistaprint.com	34 Morningstar Center	94121	San Francisco	California
Forrest Cusworth	fcusworth40@bloglines.com	05 Butternut Pass	10160	New York City	New York
Ewell Battelle	ebattelle41@infoseek.co.jp	3202 Banding Pass	90010	Los Angeles	California
Jecho Younghusband	jyounghusband42@eepurl.com	86 Washington Avenue	94089	Sunnyvale	California
Carey Lacy	clacy43@ox.ac.uk	788 Hollow Ridge Place	88514	El Paso	Texas
Kori Mobley	kmobley44@china.com.cn	9 Waywood Street	11254	Brooklyn	New York
Caddric Josifovitz	cjosifovitz45@redcross.org	099 Mariners Cove Court	92640	Fullerton	California
Lothario Toohey	ltoohey46@nifty.com	44818 Drewry Place	7522	Paterson	New Jersey
Ardine Bugdell	abugdell47@engadget.com	14 Magdeline Plaza	7195	Newark	New Jersey
Correy Aspital	caspital48@census.gov	71 Melody Crossing	13205	Syracuse	New York
Constantia Naughton	cnaughton49@theatlantic.com	796 Petterle Center	79405	Lubbock	Texas
Burton Heinecke	bheinecke4a@google.nl	4635 Scoville Street	12305	Schenectady	New York
Giselle Dunkerton	gdunkerton4b@cam.ac.uk	181 Armistice Avenue	91841	Alhambra	California
Marne Jereatt	mjereatt4c@odnoklassniki.ru	7567 Melody Avenue	19714	Newark	Delaware
Loren Ruos	lruos4d@icq.com	19 Charing Cross Junction	10305	Staten Island	New York
Katrina Schultze	kschultze4e@plala.or.jp	6 Bay Center	90410	Santa Monica	California
Kennie Braunroth	kbraunroth4f@ihg.com	26 Schlimgen Place	11215	Brooklyn	New York
Ardeen Frean	afrean4g@trellian.com	4963 Dahle Avenue	92725	Santa Ana	California
Kenton Gauche	kgauche4h@taobao.com	5716 Eagan Terrace	32314	Tallahassee	Florida
Andreana Wollard	awollard4i@hubpages.com	2 Hudson Way	78205	San Antonio	Texas
Gwyn Frowen	gfrowen4j@usnews.com	1346 Beilfuss Park	32830	Orlando	Florida
Mathilda Hearson	mhearson4k@cnbc.com	91861 Arapahoe Point	32505	Pensacola	Florida
Artie Roser	aroser4l@desdev.cn	417 Clarendon Plaza	92825	Anaheim	California
Drake Garnham	dgarnham4m@ebay.co.uk	27212 Welch Avenue	79764	Odessa	Texas
Denice Hughill	dhughill4n@usnews.com	22 Mcguire Terrace	33023	Hollywood	Florida
Arluene Gaskall	agaskall4o@yale.edu	2 Northport Parkway	10459	Bronx	New York
Del Rosenfelder	drosenfelder4p@engadget.com	91 Homewood Road	33141	Miami Beach	Florida
Alasteir Attewell	aattewell4q@nifty.com	2 Bluestem Street	32123	Daytona Beach	Florida
Carina McAtamney	cmcatamney4r@marriott.com	12075 Red Cloud Court	33330	Fort Lauderdale	Florida
Vlad Girone	vgirone4s@geocities.com	3113 Thierer Street	77305	Conroe	Texas
Adham Hampson	ahampson4t@nba.com	90457 Caliangt Circle	92648	Huntington Beach	California
Ferdinanda Maylott	fmaylott4u@hud.gov	00 Macpherson Crossing	94273	Sacramento	California
Elana Leopard	eleopard4v@goodreads.com	9 Helena Road	79764	Odessa	Texas
Babara Cosser	bcosser4w@wired.com	3 Orin Lane	90005	Los Angeles	California
Aeriela Maytum	amaytum4x@reference.com	122 Forest Place	88574	El Paso	Texas
Merrick Lilian	mlilian4y@china.com.cn	489 Melody Hill	11205	Brooklyn	New York
Bryanty Oakley	boakley4z@cloudflare.com	73055 Oak Park	78220	San Antonio	Texas
Ferguson Condie	fcondie50@t.co	20056 Oxford Park	95818	Sacramento	California
Kareem Gaitskill	kgaitskill51@istockphoto.com	2889 Debs Trail	33169	Miami	Florida
Fred MacCahee	fmaccahee52@mysql.com	01 Walton Hill	33436	Boynton Beach	Florida
Amye Phillps	aphillps53@yellowbook.com	011 Holy Cross Center	92127	San Diego	California
Hortense Hubbert	hhubbert54@xrea.com	9314 Vernon Drive	32209	Jacksonville	Florida
Merlina Tortoishell	mtortoishell55@about.me	959 Bartelt Parkway	33141	Miami Beach	Florida
Augusta Atkyns	aatkyns56@dailymotion.com	389 Ilene Place	79405	Lubbock	Texas
Ramon Bilsland	rbilsland57@domainmarket.com	44 Hooker Circle	88514	El Paso	Texas
Ronda Algie	ralgie58@hugedomains.com	2 Bashford Crossing	32092	Saint Augustine	Florida
Gill Maciak	gmaciak59@sbwire.com	54465 Maple Wood Place	19892	Wilmington	Delaware
Michele Mynett	mmynett5a@blogs.com	5079 Porter Street	93704	Fresno	California
Lawry Flaubert	lflaubert5b@exblog.jp	69 Fuller Alley	33064	Pompano Beach	Florida
Lazarus Lankham	llankham5c@gov.uk	62 Kingsford Avenue	77281	Houston	Texas
Kath Peto	kpeto5d@blinklist.com	10980 Debra Circle	32605	Gainesville	Florida
Ilyssa Cutforth	icutforth5e@nyu.edu	297 Ridge Oak Court	90030	Los Angeles	California
Allard Mogridge	amogridge5f@gravatar.com	058 Schlimgen Park	33543	Zephyrhills	Florida
Kingsly Soonhouse	ksoonhouse5g@nyu.edu	002 Arkansas Parkway	34642	Seminole	Florida
Myrah Wiffill	mwiffill5h@facebook.com	1 Lighthouse Bay Crossing	77293	Houston	Texas
Amata Pancast	apancast5i@fda.gov	15561 Barby Crossing	95818	Sacramento	California
Audie Lermouth	alermouth5j@usatoday.com	56927 Bowman Place	75277	Dallas	Texas
Georgi Bryden	gbryden5k@fc2.com	0 Brown Circle	94622	Oakland	California
Merrick Davenhill	mdavenhill5l@over-blog.com	25608 1st Crossing	14652	Rochester	New York
Hattie Senton	hsenton5m@slideshare.net	92447 Randy Parkway	8650	Trenton	New Jersey
Anjela Woodroffe	awoodroffe5n@g.co	2 Ruskin Parkway	78265	San Antonio	Texas
Corine Clendening	cclendening5o@reference.com	75 Eastlawn Parkway	90065	Los Angeles	California
Boonie Farebrother	bfarebrother5p@yandex.ru	76418 Morning Circle	92648	Huntington Beach	California
Templeton Alabone	talabone5q@fastcompany.com	249 6th Circle	10184	New York City	New York
Michele Krikorian	mkrikorian5r@umich.edu	30230 Stephen Parkway	78265	San Antonio	Texas
Ashlan Walpole	awalpole5s@dyndns.org	6 Johnson Center	76192	Fort Worth	Texas
Elwyn Franseco	efranseco5t@sciencedaily.com	381 Talisman Road	95064	Santa Cruz	California
Madelyn McGivena	mmcgivena5u@fc2.com	87 Cordelia Place	32244	Jacksonville	Florida
Daphene Plait	dplait5v@blogspot.com	726 Clove Alley	11024	Great Neck	New York
Rosalia Armatidge	rarmatidge5w@dion.ne.jp	14 Lillian Junction	33147	Miami	Florida
Alard Rudkin	arudkin5x@clickbank.net	3916 Lerdahl Plaza	75397	Dallas	Texas
Cass Fyfe	cfyfe5y@psu.edu	08 Hallows Parkway	14619	Rochester	New York
Olenolin Klagge	oklagge5z@house.gov	9 Scofield Junction	14609	Rochester	New York
Renie Wey	rwey60@un.org	19 Ruskin Trail	11480	Jamaica	New York
Austina Pagden	apagden61@cdc.gov	53568 Anthes Way	92825	Anaheim	California
Lorelle Haxley	lhaxley62@t-online.de	1491 Banding Drive	75372	Dallas	Texas
Muffin Drillingcourt	mdrillingcourt63@technorati.com	488 Larry Drive	79165	Amarillo	Texas
Taddeo Romans	tromans64@rakuten.co.jp	711 South Circle	93773	Fresno	California
Elsinore Cossom	ecossom65@foxnews.com	51 Transport Trail	14225	Buffalo	New York
Shel Domenici	sdomenici66@so-net.ne.jp	2 Stuart Terrace	33416	West Palm Beach	Florida
Delilah Fairhead	dfairhead67@miibeian.gov.cn	1 Cottonwood Lane	76205	Denton	Texas
Dorella Streader	dstreader68@economist.com	181 Hudson Center	95813	Sacramento	California
Wendel Cranham	wcranham69@ask.com	3891 Mallard Street	33805	Lakeland	Florida
Madeleine Shird	mshird6a@freewebs.com	3234 Crescent Oaks Terrace	34479	Ocala	Florida
Bibi MacDermott	bmacdermott6b@time.com	35920 Kinsman Junction	34114	Naples	Florida
Philomena Rihosek	prihosek6c@va.gov	648 Linden Park	76796	Waco	Texas
Armstrong Surmeir	asurmeir6d@multiply.com	8 Redwing Trail	95108	San Jose	California
Susana McDool	smcdool6e@linkedin.com	34701 Bartelt Plaza	34479	Ocala	Florida
Riannon Jillins	rjillins6f@jigsy.com	66 Chive Road	92835	Fullerton	California
Stu Coventry	scoventry6g@plala.or.jp	364 Eastwood Center	33411	West Palm Beach	Florida
Siana Leele	sleele6h@scribd.com	67 West Terrace	95113	San Jose	California
Beryle Chapelhow	bchapelhow6i@prlog.org	4 South Avenue	32891	Orlando	Florida
Timi Rowbotham	trowbotham6j@ted.com	09524 Kensington Avenue	95160	San Jose	California
Melinda Cartmill	mcartmill6k@goo.ne.jp	0 Golden Leaf Circle	90831	Long Beach	California
Bernadine Kidgell	bkidgell6l@independent.co.uk	56355 Reindahl Hill	91199	Pasadena	California
Rebeka Labell	rlabell6m@webs.com	215 Scoville Plaza	88574	El Paso	Texas
Lyda MacParland	lmacparland6n@sphinn.com	42 Esch Trail	94159	San Francisco	California
Marya Killeen	mkilleen6o@bandcamp.com	92 Maryland Avenue	19810	Wilmington	Delaware
Erma Seczyk	eseczyk6p@weather.com	34675 Fallview Terrace	34745	Kissimmee	Florida
Torr Belham	tbelham6q@ihg.com	2617 Banding Point	77346	Humble	Texas
Elle Knolles-Green	eknollesgreen6r@dot.gov	8948 Sauthoff Park	33345	Fort Lauderdale	Florida
Alexandr Whetland	awhetland6s@hexun.com	733 Londonderry Hill	90076	Los Angeles	California
Tedd Feathersby	tfeathersby6t@privacy.gov.au	87081 Warrior Road	90035	Los Angeles	California
Micheil Darrigone	mdarrigone6u@nymag.com	257 Blaine Terrace	95138	San Jose	California
Gray Hatherell	ghatherell6v@infoseek.co.jp	358 Stang Alley	91210	Glendale	California
Audry Dodgson	adodgson6w@mapquest.com	3 Reindahl Parkway	33499	Boca Raton	Florida
Herman Paulet	hpaulet6x@blogs.com	05 Everett Parkway	92668	Orange	California
Carlita Saleway	csaleway6y@yandex.ru	9498 Sauthoff Trail	77806	Bryan	Texas
Valentina Donlon	vdonlon6z@cdc.gov	59948 Stang Point	8922	New Brunswick	New Jersey
Claire Belliard	cbelliard70@jugem.jp	78533 Kim Plaza	90398	Inglewood	California
Wesley Gerardet	wgerardet71@acquirethisname.com	6 Erie Parkway	90076	Los Angeles	California
Butch Wetherick	bwetherick72@homestead.com	3 5th Terrace	76178	Fort Worth	Texas
Roi Brugsma	rbrugsma73@chronoengine.com	5 Sunfield Street	79945	El Paso	Texas
Anstice Bolsteridge	abolsteridge74@instagram.com	6440 American Ash Junction	92619	Irvine	California
Rahal Woollcott	rwoollcott75@bizjournals.com	48462 Vernon Avenue	90610	Whittier	California
Dorella Dimitrov	ddimitrov76@google.it	404 Straubel Place	92640	Fullerton	California
Melantha Greedyer	mgreedyer77@parallels.com	51875 Mcguire Junction	78265	San Antonio	Texas
Chelsy Marin	cmarin78@springer.com	39193 Sunfield Junction	88546	El Paso	Texas
Nolan Sillars	nsillars79@comcast.net	068 Schmedeman Plaza	92110	San Diego	California
Dan Aizic	daizic7a@rambler.ru	771 Kingsford Center	32304	Tallahassee	Florida
Lydia Huckstepp	lhuckstepp7b@mapquest.com	591 Pennsylvania Road	77045	Houston	Texas
Esteban Banger	ebanger7c@google.nl	8696 Longview Plaza	14905	Elmira	New York
Regine Turn	rturn7d@newyorker.com	535 David Trail	94154	San Francisco	California
Mariellen McGowan	mmcgowan7e@jalbum.net	2289 Tony Road	11355	Flushing	New York
Cissiee Gencke	cgencke7f@netlog.com	4 Scott Hill	33405	West Palm Beach	Florida
Levin Bowcock	lbowcock7g@csmonitor.com	48531 Tomscot Avenue	76796	Waco	Texas
Evangelia Evennett	eevennett7h@cpanel.net	1 Superior Park	77806	Bryan	Texas
Clo O'Cannovane	cocannovane7i@cocolog-nifty.com	245 Thompson Way	14609	Rochester	New York
Donna Bolter	dbolter7j@angelfire.com	1015 Golf View Alley	90398	Inglewood	California
Ailey Rodd	arodd7k@seesaa.net	93 Ridgeview Circle	92132	San Diego	California
Sherry Faulkner	sfaulkner7l@hatena.ne.jp	2 Marcy Drive	33884	Winter Haven	Florida
Nannie Lauxmann	nlauxmann7m@g.co	17319 Luster Lane	75287	Dallas	Texas
Kittie Rosini	krosini7n@unicef.org	4 Pleasure Terrace	34629	Clearwater	Florida
Zuzana Clyma	zclyma7o@multiply.com	08106 Kensington Court	90065	Los Angeles	California
Shara O'Neil	soneil7p@nationalgeographic.com	30319 Mallory Court	78215	San Antonio	Texas
Haroun Dowman	hdowman7q@t-online.de	82417 Maple Wood Crossing	78265	San Antonio	Texas
Jerrilyn Colicot	jcolicot7r@umich.edu	662 Nobel Circle	90065	Los Angeles	California
Corbin Sharratt	csharratt7s@addthis.com	89 Delladonna Plaza	78225	San Antonio	Texas
Jobina Prothero	jprothero7t@ca.gov	391 Sommers Place	88574	El Paso	Texas
Marcellus Clorley	mclorley7u@people.com.cn	5 Rusk Road	92056	Oceanside	California
Sandor Konertz	skonertz7v@tinyurl.com	55 Iowa Way	32835	Orlando	Florida
Josepha Baly	jbaly7w@apple.com	00 Rockefeller Park	7522	Paterson	New Jersey
Doreen Wreak	dwreak7x@smh.com.au	29938 Cody Alley	90040	Los Angeles	California
Urson Fforde	ufforde7y@apache.org	76779 Muir Center	91103	Pasadena	California
Helena Lepard	hlepard7z@macromedia.com	86332 Warner Way	32627	Gainesville	Florida
Eryn Lavalle	elavalle80@moonfruit.com	8 Northfield Way	11247	Brooklyn	New York
Charlie Bamlet	cbamlet81@hubpages.com	9 Atwood Junction	11210	Brooklyn	New York
Trista Vsanelli	tvsanelli82@cbc.ca	8171 Kim Junction	10175	New York City	New York
Bonni Blakebrough	bblakebrough83@facebook.com	2081 Ohio Trail	32204	Jacksonville	Florida
Guy Leat	gleat84@accuweather.com	91 Carey Parkway	33233	Miami	Florida
Kendricks Bedson	kbedson85@wunderground.com	98 Ridgeview Park	34745	Kissimmee	Florida
Quintus Longley	qlongley86@youku.com	0909 Ilene Lane	90094	Los Angeles	California
Yovonnda Dytham	ydytham87@reddit.com	0532 Lakewood Park	75310	Dallas	Texas
Ola Andreolli	oandreolli88@gov.uk	0778 Knutson Crossing	32277	Jacksonville	Florida
Sosanna Ander	sander89@army.mil	89123 Bobwhite Lane	88519	El Paso	Texas
Janeczka Bosence	jbosence8a@privacy.gov.au	78 Pleasure Crossing	34479	Ocala	Florida
Amabelle Habberjam	ahabberjam8b@seesaa.net	4 Northridge Alley	88519	El Paso	Texas
Melloney Pol	mpol8c@twitpic.com	63 Sunbrook Street	78737	Austin	Texas
Chan Ciani	cciani8d@canalblog.com	200 Summerview Court	93726	Fresno	California
Kelvin Fernao	kfernao8e@theatlantic.com	4 Anniversary Drive	92127	San Diego	California
Loren Fermin	lfermin8f@state.tx.us	08 Eagan Way	94291	Sacramento	California
Julianna Casterton	jcasterton8g@wordpress.org	530 Vernon Avenue	90010	Los Angeles	California
Francine Raith	fraith8h@tmall.com	81760 Lien Circle	10004	New York City	New York
Joanie Dysert	jdysert8i@studiopress.com	5546 Trailsway Lane	14609	Rochester	New York
Ramonda Doucette	rdoucette8j@cbc.ca	3 Buena Vista Parkway	10131	New York City	New York
Bunny MacFarlan	bmacfarlan8k@fastcompany.com	19277 Moose Way	90305	Inglewood	California
Vivien Jannaway	vjannaway8l@macromedia.com	02 Redwing Road	33064	Pompano Beach	Florida
Ann Steade	asteade8m@acquirethisname.com	97 Haas Plaza	88574	El Paso	Texas
Aldric Canavan	acanavan8n@yellowpages.com	77 Grasskamp Trail	32825	Orlando	Florida
Jayme Seely	jseely8o@yellowpages.com	5 Sage Pass	76198	Fort Worth	Texas
Daphna Dingsdale	ddingsdale8p@geocities.jp	851 Iowa Court	94159	San Francisco	California
Avigdor Smiley	asmiley8q@cbsnews.com	9 Russell Plaza	76598	Gatesville	Texas
Averil Andresser	aandresser8r@wsj.com	76 Haas Alley	78759	Austin	Texas
Cinda Jozefczak	cjozefczak8s@youtu.be	15 Holmberg Terrace	33661	Tampa	Florida
Cecilla Skivington	cskivington8t@phpbb.com	31 Kings Point	32277	Jacksonville	Florida
Cletis Cominello	ccominello8u@si.edu	0051 Nobel Drive	88546	El Paso	Texas
Gerhardt Haslehurst	ghaslehurst8v@liveinternet.ru	2 Steensland Park	79977	El Paso	Texas
Chastity Diviney	cdiviney8w@imgur.com	7 Esch Terrace	11247	Brooklyn	New York
Terra Renhard	trenhard8x@live.com	38430 American Ash Junction	77090	Houston	Texas
Wilmer Stut	wstut8y@jalbum.net	12 Jana Hill	32092	Saint Augustine	Florida
Nowell Blaney	nblaney8z@gizmodo.com	0876 Express Pass	10131	New York City	New York
Elfreda Figgins	efiggins90@bigcartel.com	0 Southridge Junction	10459	Bronx	New York
Giulio Wooddisse	gwooddisse91@alexa.com	7 Fieldstone Point	90505	Torrance	California
Lem Halladay	lhalladay92@si.edu	8 Mosinee Park	11388	Flushing	New York
Belita Fillon	bfillon93@jiathis.com	57124 Gerald Place	34642	Seminole	Florida
Gaston McElmurray	gmcelmurray94@prlog.org	854 Cascade Center	92013	Carlsbad	California
Franni Frape	ffrape95@comsenz.com	4 Springs Circle	34479	Ocala	Florida
Sherman Ogilvie	sogilvie96@miitbeian.gov.cn	8945 Anthes Alley	94132	San Francisco	California
Godard Bingell	gbingell97@studiopress.com	07 5th Crossing	77260	Houston	Texas
Elton Proby	eproby98@i2i.jp	36 Harper Center	90189	Los Angeles	California
Caspar Knutton	cknutton99@google.ru	9233 Laurel Street	11499	Jamaica	New York
Wolfie Benham	wbenham9a@angelfire.com	86 Novick Terrace	75260	Dallas	Texas
Adiana Stradling	astradling9b@trellian.com	80436 Schmedeman Alley	33196	Miami	Florida
Wynn Benadette	wbenadette9c@stumbleupon.com	1 Northland Circle	90005	Los Angeles	California
Louis Danton	ldanton9d@wikia.com	63651 Milwaukee Street	33023	Hollywood	Florida
Anetta Colegrove	acolegrove9e@answers.com	9 Banding Court	95113	San Jose	California
Sianna Boss	sboss9f@mapquest.com	5141 Cascade Terrace	91186	Pasadena	California
Robbert Danett	rdanett9g@foxnews.com	34 Miller Circle	34102	Naples	Florida
Gratiana Palley	gpalley9h@archive.org	13144 Oxford Hill	92056	Oceanside	California
Dorris Klageman	dklageman9i@yandex.ru	18587 Oneill Pass	79705	Midland	Texas
Anna-diana Garrud	agarrud9j@forbes.com	746 American Lane	75387	Dallas	Texas
Arleyne Wootton	awootton9k@feedburner.com	145 Mosinee Hill	77070	Houston	Texas
Ange Vanetti	avanetti9l@scribd.com	3 Park Meadow Way	11470	Jamaica	New York
Auria Siebert	asiebert9m@cam.ac.uk	69595 Shasta Street	32309	Tallahassee	Florida
Darryl Ropert	dropert9n@mit.edu	10187 Twin Pines Pass	77234	Houston	Texas
Judy Fevers	jfevers9o@bbc.co.uk	9574 Anderson Avenue	77493	Katy	Texas
Ashby Pactat	apactat9p@symantec.com	5732 Fuller Trail	78285	San Antonio	Texas
Barth Roswarne	broswarne9q@blogs.com	2 Scofield Street	94237	Sacramento	California
Maible Guierre	mguierre9r@booking.com	9 Darwin Alley	78265	San Antonio	Texas
Amargo Symondson	asymondson9s@diigo.com	5 Corscot Hill	76905	San Angelo	Texas
Stormi Mettetal	smettetal9t@mlb.com	6526 Lindbergh Way	90040	Los Angeles	California
Trev Gregoriou	tgregoriou9u@flavors.me	332 Vermont Parkway	92725	Santa Ana	California
Reggie Mayers	rmayers9v@cnn.com	80 Heffernan Plaza	91210	Glendale	California
Ingamar Broadhead	ibroadhead9w@ft.com	37 Hauk Pass	32209	Jacksonville	Florida
Inigo Lynas	ilynas9x@nymag.com	8812 Oriole Park	75185	Mesquite	Texas
Elvyn Leagas	eleagas9y@mashable.com	6992 Glendale Lane	10310	Staten Island	New York
Gamaliel MacGruer	gmacgruer9z@google.fr	2 Sherman Way	92619	Irvine	California
Abagail Wigg	awigga0@hexun.com	58 Bay Park	90010	Los Angeles	California
Andreana Skillanders	askillandersa1@google.ru	28 La Follette Way	94975	Petaluma	California
Virgilio Stickles	vsticklesa2@bravesites.com	10470 Clove Point	94154	San Francisco	California
Nerta Filyakov	nfilyakova3@linkedin.com	19468 Village Drive	79710	Midland	Texas
Rebecca Gingedale	rgingedalea4@usa.gov	17 Caliangt Park	91199	Pasadena	California
Shara Staniford	sstaniforda5@who.int	7084 Anniversary Street	11499	Jamaica	New York
Talbot Durber	tdurbera6@behance.net	77 Anzinger Pass	14905	Elmira	New York
Lorne Hug	lhuga7@chronoengine.com	930 Manufacturers Center	19805	Wilmington	Delaware
Shirlee Pidduck	spidducka8@foxnews.com	669 Reindahl Terrace	88574	El Paso	Texas
Rudie Luney	rluneya9@loc.gov	2992 Mcguire Point	78405	Corpus Christi	Texas
Dean Brundale	dbrundaleaa@dailymotion.com	9497 Garrison Pass	94611	Oakland	California
Christabella Lester	clesterab@huffingtonpost.com	77424 Sunnyside Alley	78737	Austin	Texas
Charlotta Fernando	cfernandoac@samsung.com	9606 Memorial Trail	95194	San Jose	California
Rosaline Haslen	rhaslenad@xinhuanet.com	370 Nelson Crossing	10131	New York City	New York
Dahlia Leverentz	dleverentzae@kickstarter.com	01 New Castle Circle	92170	San Diego	California
Teirtza Sansome	tsansomeaf@last.fm	775 Sunbrook Way	79940	El Paso	Texas
Gaylor O'Fergus	gofergusag@amazon.co.jp	1426 Clarendon Circle	13205	Syracuse	New York
Jeremias Thams	jthamsah@hud.gov	78 Emmet Road	34981	Fort Pierce	Florida
Kathleen Stummeyer	kstummeyerai@mlb.com	052 Boyd Lane	10131	New York City	New York
Adlai Mallebone	amalleboneaj@ft.com	8146 Independence Plaza	77806	Bryan	Texas
Paton Dizlie	pdizlieak@prnewswire.com	863 Bowman Crossing	10170	New York City	New York
Beverie Spire	bspireal@smh.com.au	1259 New Castle Park	10175	New York City	New York
Lorianne Littlekit	llittlekitam@sun.com	2 7th Junction	76178	Fort Worth	Texas
Wang Jeannon	wjeannonan@artisteer.com	12 Northland Way	90189	Los Angeles	California
Ira Neilan	ineilanao@ted.com	33 Straubel Parkway	32123	Daytona Beach	Florida
Maurits Nieass	mnieassap@admin.ch	74 Ridge Oak Court	90398	Inglewood	California
Bunnie Compston	bcompstonaq@slashdot.org	6 Fisk Junction	95064	Santa Cruz	California
Claudianus Dart	cdartar@dion.ne.jp	231 Cascade Terrace	94110	San Francisco	California
Magdalena Ahlf	mahlfas@npr.org	85668 Buena Vista Road	77493	Katy	Texas
Shanon Jennaroy	sjennaroyat@adobe.com	2127 Autumn Leaf Pass	33661	Tampa	Florida
Oates Turgoose	oturgooseau@yale.edu	28928 Hauk Crossing	92191	San Diego	California
Gabriela Vagg	gvaggav@telegraph.co.uk	776 Mariners Cove Street	78737	Austin	Texas
Zebulon Drohane	zdrohaneaw@businessinsider.com	21 Troy Road	77346	Humble	Texas
Giles O'Hallagan	gohallaganax@gov.uk	0287 Maple Wood Pass	94110	San Francisco	California
Alard Parnall	aparnallay@yahoo.co.jp	86 Gulseth Court	11480	Jamaica	New York
Madison Berkley	mberkleyaz@kickstarter.com	2182 Florence Hill	94297	Sacramento	California
Robbie Grogona	rgrogonab0@msn.com	86747 Bunker Hill Pass	34615	Clearwater	Florida
Angelico Garza	agarzab1@adobe.com	5 Elmside Trail	14609	Rochester	New York
Karole Fiddler	kfiddlerb2@zdnet.com	183 Shelley Point	32209	Jacksonville	Florida
Dionisio Benedick	dbenedickb3@biglobe.ne.jp	622 Union Terrace	10184	New York City	New York
Agatha Vaen	avaenb4@upenn.edu	7 Chinook Alley	75216	Dallas	Texas
Cammy Lafrentz	clafrentzb5@comcast.net	95428 Clemons Place	90398	Inglewood	California
Elmo Bicksteth	ebickstethb6@unicef.org	9 Nobel Hill	94207	Sacramento	California
Zorina Echalie	zechalieb7@ed.gov	4 Oakridge Center	88553	El Paso	Texas
Elbertine Romushkin	eromushkinb8@patch.com	6 Texas Park	33811	Lakeland	Florida
Alyce Crimp	acrimpb9@msu.edu	32 Tennessee Street	94273	Sacramento	California
Charin Overland	coverlandba@moonfruit.com	16 Badeau Plaza	95064	Santa Cruz	California
Shalna Shynn	sshynnbb@nsw.gov.au	2 Morrow Crossing	34981	Fort Pierce	Florida
Kore Aloigi	kaloigibc@cpanel.net	78219 Northport Alley	91499	Van Nuys	California
Amy Clewlow	aclewlowbd@networksolutions.com	56 Arapahoe Trail	94273	Sacramento	California
Dee dee Alliberton	ddeebe@parallels.com	83284 Kingsford Circle	92191	San Diego	California
Sydelle Ianelli	sianellibf@dedecms.com	4621 Rigney Trail	75397	Dallas	Texas
Everett Fewell	efewellbg@ftc.gov	697 Northland Plaza	77095	Houston	Texas
Moll Voules	mvoulesbh@aol.com	35 Forest Run Drive	33543	Zephyrhills	Florida
Bordy O'Donnelly	bodonnellybi@guardian.co.uk	2 Lakewood Gardens Trail	77090	Houston	Texas
Kiley Pirt	kpirtbj@arstechnica.com	2329 Rockefeller Street	32595	Pensacola	Florida
Robbie Buie	rbuiebk@nps.gov	4 Parkside Place	11247	Brooklyn	New York
Heidie Wahlberg	hwahlbergbl@nsw.gov.au	6 Orin Parkway	76205	Denton	Texas
Kirbee Hayball	khayballbm@php.net	56 Mallard Hill	95973	Chico	California
Ira Yaakov	iyaakovbn@bing.com	213 Anniversary Park	92825	Anaheim	California
Friedrick Vitall	fvitallbo@patch.com	6 Buhler Point	12205	Albany	New York
Sheryl Rylett	srylettbp@bigcartel.com	9 Reindahl Avenue	33169	Miami	Florida
Penelopa Hamlyn	phamlynbq@sourceforge.net	40971 Bartillon Hill	34665	Pinellas Park	Florida
Betta Francombe	bfrancombebr@tiny.cc	970 Hansons Court	7104	Newark	New Jersey
Archibald Romayne	aromaynebs@wikia.com	965 Knutson Hill	14225	Buffalo	New York
Heloise Aronstein	haronsteinbt@godaddy.com	789 Manufacturers Junction	78220	San Antonio	Texas
Joyous Hencke	jhenckebu@un.org	705 Sheridan Avenue	76796	Waco	Texas
Gerhardine Skocroft	gskocroftbv@netlog.com	1138 Moulton Alley	95833	Sacramento	California
Danette Kinset	dkinsetbw@google.nl	5 Evergreen Junction	75185	Mesquite	Texas
Brett Cruwys	bcruwysbx@unblog.fr	246 Brickson Park Way	11210	Brooklyn	New York
Korney Stuckford	kstuckfordby@guardian.co.uk	266 Graceland Pass	10009	New York City	New York
Gabi Scotchmor	gscotchmorbz@abc.net.au	82 Lakewood Gardens Pass	75044	Garland	Texas
Dimitri Stutter	dstutterc0@google.pl	3884 Dorton Street	33647	Tampa	Florida
Kimberlee McMylor	kmcmylorc1@google.fr	0 Rockefeller Street	79940	El Paso	Texas
Lacy Jakov	ljakovc2@howstuffworks.com	460 Donald Street	92165	San Diego	California
Beatriz Pettecrew	bpettecrewc3@jiathis.com	54 Eggendart Place	77288	Houston	Texas
Livia Ezzell	lezzellc4@edublogs.org	8 Helena Hill	32314	Tallahassee	Florida
Rodd Vergo	rvergoc5@google.com.br	0481 Crownhardt Street	8922	New Brunswick	New Jersey
Clifford Alesi	calesic6@mit.edu	99 Declaration Place	94975	Petaluma	California
Muire Maken	mmakenc7@utexas.edu	24 Mifflin Center	32941	Melbourne	Florida
Darline Wilflinger	dwilflingerc8@census.gov	490 David Plaza	34981	Fort Pierce	Florida
Trumaine Padilla	tpadillac9@google.com.hk	1074 Stoughton Drive	11854	Hicksville	New York
Alfons Streeting	astreetingca@ft.com	8 Burning Wood Junction	77075	Houston	Texas
Aubrie Bampforth	abampforthcb@nydailynews.com	6449 Brickson Park Road	79934	El Paso	Texas
Philippa Whittlesee	pwhittleseecc@smugmug.com	3667 Glacier Hill Circle	33811	Lakeland	Florida
Haskel Caneo	hcaneocd@apache.org	835 Lyons Hill	90410	Santa Monica	California
Rodrigo Bryde	rbrydece@printfriendly.com	2888 Artisan Park	75205	Dallas	Texas
Sophey Joao	sjoaocf@admin.ch	222 Chive Junction	91210	Glendale	California
Jaime O'Doghesty	jodoghestycg@yelp.com	5784 Maple Wood Road	12305	Schenectady	New York
Westbrooke Fetherby	wfetherbych@prnewswire.com	0 Washington Point	95210	Stockton	California
Marve Kaas	mkaasci@guardian.co.uk	80345 David Point	10305	Staten Island	New York
Nickie Cramphorn	ncramphorncj@freewebs.com	28 Dapin Hill	92056	Oceanside	California
Evonne Chappel	echappelck@simplemachines.org	83 Kinsman Center	93726	Fresno	California
Berty Smidmoor	bsmidmoorcl@ucsd.edu	6488 Fairfield Way	10125	New York City	New York
Gillian Wadie	gwadiecm@hugedomains.com	017 Stuart Park	77288	Houston	Texas
Don McCritchie	dmccritchiecn@miitbeian.gov.cn	06533 Mifflin Trail	76905	San Angelo	Texas
Fredrika Vaan	fvaanco@howstuffworks.com	6 Monica Parkway	32128	Daytona Beach	Florida
Dal Huyche	dhuychecp@unesco.org	5 Dakota Center	77070	Houston	Texas
Berna Kedslie	bkedsliecq@washingtonpost.com	474 5th Crossing	32128	Daytona Beach	Florida
Claudie Hertwell	chertwellcr@go.com	0318 Ryan Park	76598	Gatesville	Texas
Lorine Vidyapin	lvidyapincs@unc.edu	2 Truax Plaza	33141	Miami Beach	Florida
Marlo Gumby	mgumbyct@dropbox.com	324 Homewood Plaza	76192	Fort Worth	Texas
Mohandas Dabrowski	mdabrowskicu@thetimes.co.uk	64811 Lukken Pass	92132	San Diego	California
Celie Aery	caerycv@eventbrite.com	295 Sugar Junction	91117	Pasadena	California
Hansiain Horbart	hhorbartcw@stanford.edu	94 Schiller Junction	76129	Fort Worth	Texas
Herta Jecock	hjecockcx@stumbleupon.com	8 Redwing Circle	33233	Miami	Florida
Clovis Jeffress	cjeffresscy@ox.ac.uk	11270 Messerschmidt Court	93106	Santa Barbara	California
Royal Grogor	rgrogorcz@google.com.au	752 Forest Dale Terrace	77305	Conroe	Texas
Dara Meany	dmeanyd0@cam.ac.uk	352 Del Sol Center	94273	Sacramento	California
Maude Papa	mpapad1@github.com	03758 Anzinger Drive	33994	Fort Myers	Florida
Onfroi Kuschek	okuschekd2@4shared.com	8 Bayside Pass	94622	Oakland	California
Glynn Docker	gdockerd3@twitter.com	94078 Stoughton Circle	78764	Austin	Texas
Doy Loughhead	dloughheadd4@hugedomains.com	75 Sachs Avenue	33994	Fort Myers	Florida
Athene Swalteridge	aswalteridged5@shinystat.com	8674 Di Loreto Parkway	32092	Saint Augustine	Florida
Catie Adamec	cadamecd6@slashdot.org	1 Sycamore Pass	94089	Sunnyvale	California
Sallee Blouet	sblouetd7@dion.ne.jp	887 Hollow Ridge Terrace	34102	Naples	Florida
Sophia Jefford	sjeffordd8@com.com	3 Armistice Parkway	33647	Tampa	Florida
Gannon Shadfourth	gshadfourthd9@pagesperso-orange.fr	93 Loomis Drive	78265	San Antonio	Texas
Levi Poultney	lpoultneyda@ebay.com	30 Badeau Point	92105	San Diego	California
Lesley Leedal	lleedaldb@reverbnation.com	5978 Bartelt Hill	77386	Spring	Texas
Gwenette Ireson	giresondc@pbs.org	1703 Independence Lane	90831	Long Beach	California
Franny Coghlin	fcoghlindd@reuters.com	6 8th Circle	76711	Waco	Texas
Creighton Vassay	cvassayde@biblegateway.com	72 Tennessee Circle	92127	San Diego	California
Payton Garrity	pgarritydf@narod.ru	6204 Warrior Way	93311	Bakersfield	California
Mia Shwalbe	mshwalbedg@va.gov	64651 Bluejay Drive	32941	Melbourne	Florida
Josiah Vicary	jvicarydh@drupal.org	27 Florence Hill	77085	Houston	Texas
Foster Mote	fmotedi@mac.com	08 Pankratz Plaza	32941	Melbourne	Florida
Alic Foyster	afoysterdj@discuz.net	4041 Oak Valley Way	10705	Yonkers	New York
Madelina Prinnett	mprinnettdk@go.com	9 Dottie Point	78265	San Antonio	Texas
Carmel Mertgen	cmertgendl@themeforest.net	46 Twin Pines Crossing	90610	Whittier	California
Derrick Vasilenko	dvasilenkodm@mysql.com	9226 John Wall Way	33731	Saint Petersburg	Florida
Arne Lynn	alynndn@ycombinator.com	368 Walton Court	75210	Dallas	Texas
Jamal Corking	jcorkingdo@abc.net.au	2 Northwestern Lane	76905	San Angelo	Texas
Derrik Cuer	dcuerdp@printfriendly.com	474 Loftsgordon Court	94132	San Francisco	California
Udale Pardie	upardiedq@newsvine.com	82 Pleasure Parkway	92176	San Diego	California
Winnie Chalker	wchalkerdr@edublogs.org	2 Carey Alley	34745	Kissimmee	Florida
Kev Jerratsch	kjerratschds@fotki.com	24 Hoffman Trail	79171	Amarillo	Texas
Des Garmanson	dgarmansondt@boston.com	2202 Everett Junction	12305	Schenectady	New York
Merwyn Franken	mfrankendu@tiny.cc	000 Debra Court	88525	El Paso	Texas
Herby Edinboro	hedinborodv@amazon.co.jp	342 Parkside Court	33147	Miami	Florida
Earle Aggett	eaggettdw@sakura.ne.jp	7363 Red Cloud Pass	12305	Schenectady	New York
Sande Fritzer	sfritzerdx@theguardian.com	7044 Cody Terrace	93715	Fresno	California
Nannette Lewknor	nlewknordy@ifeng.com	3 Dorton Lane	92844	Garden Grove	California
Merla Aberdalgy	maberdalgydz@hc360.com	39625 Bartelt Trail	76110	Fort Worth	Texas
Garnette Burrells	gburrellse0@squarespace.com	31813 Service Center	33680	Tampa	Florida
Gino Coetzee	gcoetzeee1@netlog.com	9804 Alpine Point	95194	San Jose	California
Corenda Giacubbo	cgiacubboe2@networksolutions.com	8 Spenser Parkway	7104	Newark	New Jersey
Basilio Aizikovitch	baizikovitche3@apache.org	04169 Elmside Point	14604	Rochester	New York
Tracy Perrot	tperrote4@webeden.co.uk	5514 Mayer Alley	76011	Arlington	Texas
Joyann Luigi	jluigie5@netvibes.com	27364 Green Ridge Plaza	33448	Delray Beach	Florida
Artemis Clarke-Williams	aclarkewilliamse6@columbia.edu	13 1st Center	78703	Austin	Texas
Ondrea Lorinez	olorineze7@mozilla.org	237 Shasta Circle	75210	Dallas	Texas
Diannne Piddle	dpiddlee8@nifty.com	1 Monterey Junction	92165	San Diego	California
Jasun Winscom	jwinscome9@guardian.co.uk	06 Sunfield Road	79945	El Paso	Texas
Dorita Jaquiss	djaquissea@icio.us	0 Buell Junction	93305	Bakersfield	California
Sidonia Walsham	swalshameb@pbs.org	810 Rigney Drive	92056	Oceanside	California
Forster Waghorn	fwaghornec@cpanel.net	50888 Kensington Road	92056	Oceanside	California
Jane Chelam	jchelamed@ucoz.com	8 Shoshone Terrace	92132	San Diego	California
Thebault McEnery	tmceneryee@cdbaby.com	3061 John Wall Parkway	91841	Alhambra	California
Jaymee Wroath	jwroathef@ebay.co.uk	35 Eggendart Drive	79934	El Paso	Texas
Alisun Stanton	astantoneg@wordpress.com	01516 Roth Trail	32835	Orlando	Florida
Munmro Poge	mpogeeh@smugmug.com	9923 Dahle Circle	77090	Houston	Texas
Samaria Braden	sbradenei@fema.gov	556 Farwell Plaza	75310	Dallas	Texas
Jami Beards	jbeardsej@netscape.com	4805 Delaware Terrace	77806	Bryan	Texas
Camala Wortt	cworttek@economist.com	53068 Ruskin Alley	95113	San Jose	California
Toby Fillingham	tfillinghamel@fda.gov	193 Hermina Junction	75216	Dallas	Texas
Susann Moon	smoonem@ftc.gov	361 Mesta Point	95894	Sacramento	California
Catha Illwell	cillwellen@tmall.com	26009 Waxwing Trail	77095	Houston	Texas
Reinald Cuberley	rcuberleyeo@1688.com	0607 Nancy Alley	14614	Rochester	New York
Sherie Jouanet	sjouanetep@ibm.com	0 Dexter Circle	77493	Katy	Texas
Walt Ciccotto	wciccottoeq@amazon.com	8620 Daystar Crossing	92878	Corona	California
Zacharia Satterley	zsatterleyer@apache.org	3 Onsgard Lane	78205	San Antonio	Texas
Gwendolen Annis	gannises@upenn.edu	7 Kipling Point	90189	Los Angeles	California
Juline Dunlea	jdunleaet@mashable.com	0114 Dovetail Terrace	88553	El Paso	Texas
Arlena Giblin	agiblineu@yellowpages.com	015 Mosinee Alley	8922	New Brunswick	New Jersey
Galvin Willcock	gwillcockev@buzzfeed.com	490 Huxley Plaza	93907	Salinas	California
Ebonee Causnett	ecausnettew@cisco.com	4447 Holy Cross Parkway	91505	Burbank	California
Towney Formie	tformieex@sakura.ne.jp	96608 Hallows Avenue	94042	Mountain View	California
Nicolina Carillo	ncarilloey@a8.net	91015 Declaration Point	92153	San Diego	California
Karna De Avenell	kdeez@imdb.com	7 Spenser Street	10464	Bronx	New York
Holden Kerman	hkermanf0@ucla.edu	64 Jenna Plaza	32277	Jacksonville	Florida
Perla Harral	pharralf1@dyndns.org	247 Anthes Avenue	75210	Dallas	Texas
Burl Ladell	bladellf2@state.gov	98457 Bay Road	91131	Pasadena	California
Amye Dennert	adennertf3@omniture.com	115 Dryden Alley	32209	Jacksonville	Florida
Leoline Riordan	lriordanf4@admin.ch	0046 Vidon Trail	75216	Dallas	Texas
Mischa Signore	msignoref5@slideshare.net	33 Buell Alley	92110	San Diego	California
Jaynell Von Oertzen	jvonf6@hhs.gov	678 Glacier Hill Crossing	10270	New York City	New York
Reilly Whitney	rwhitneyf7@pinterest.com	80 Autumn Leaf Parkway	92013	Carlsbad	California
Melva Smoote	msmootef8@blogs.com	3 Rowland Court	79165	Amarillo	Texas
Darryl Joel	djoelf9@answers.com	14847 Clemons Alley	77075	Houston	Texas
Nanny Whitehall	nwhitehallfa@goo.gl	146 North Park	90010	Los Angeles	California
Munmro Buffy	mbuffyfb@google.nl	28308 Meadow Valley Center	19805	Wilmington	Delaware
Nadine Bilovus	nbilovusfc@networksolutions.com	471 Fallview Lane	95405	Santa Rosa	California
Tish Straniero	tstranierofd@yolasite.com	4535 Logan Road	93094	Simi Valley	California
Hugues Luipold	hluipoldfe@redcross.org	6162 Surrey Avenue	76105	Fort Worth	Texas
Jarrett Cory	jcoryff@mac.com	54797 Crownhardt Place	92176	San Diego	California
Cord Yerlett	cyerlettfg@gnu.org	7279 Caliangt Parkway	33411	West Palm Beach	Florida
Beilul Drawmer	bdrawmerfh@google.es	21568 Springview Alley	34615	Clearwater	Florida
Clark Frickey	cfrickeyfi@tuttocitta.it	98536 Shelley Circle	33615	Tampa	Florida
Rozalie Coke	rcokefj@whitehouse.gov	9 Moose Road	75799	Tyler	Texas
Alex Benez	abenezfk@yale.edu	6 Atwood Court	77386	Spring	Texas
Bengt Curteis	bcurteisfl@sina.com.cn	2 Rutledge Circle	11407	Jamaica	New York
Timothee Coatman	tcoatmanfm@fastcompany.com	561 Dapin Plaza	94089	Sunnyvale	California
Jemmie Clapham	jclaphamfn@edublogs.org	9 Maywood Place	91505	Burbank	California
Delmor Tristram	dtristramfo@fda.gov	20771 Vidon Hill	92056	Oceanside	California
Peterus Hasser	phasserfp@geocities.jp	01 Rigney Pass	32304	Tallahassee	Florida
Clarence Dummer	cdummerfq@chicagotribune.com	8334 Ramsey Trail	33615	Tampa	Florida
Roi Brownfield	rbrownfieldfr@sphinn.com	65520 Merry Drive	92056	Oceanside	California
Dyann Springthorpe	dspringthorpefs@spotify.com	993 Spenser Trail	77293	Houston	Texas
Eimile Balloch	eballochft@xrea.com	573 Mesta Street	76178	Fort Worth	Texas
Arlen Posthill	aposthillfu@nydailynews.com	96 Bunting Circle	76205	Denton	Texas
Cortney Buxcey	cbuxceyfv@cargocollective.com	6 Washington Drive	75236	Dallas	Texas
Leisha Cozzi	lcozzifw@hhs.gov	5851 Kropf Terrace	91199	Pasadena	California
Fielding Colafate	fcolafatefx@exblog.jp	3 Myrtle Hill	92825	Anaheim	California
Nance Noel	nnoelfy@lulu.com	13 Morning Lane	33190	Miami	Florida
Dyann Pantridge	dpantridgefz@nasa.gov	995 2nd Drive	95160	San Jose	California
Filberte Pettet	fpettetg0@dropbox.com	50295 Barby Street	76205	Denton	Texas
Bobbee Fidgeon	bfidgeong1@pcworld.com	8 Cambridge Street	88546	El Paso	Texas
Salaidh Somersett	ssomersettg2@i2i.jp	1302 Waywood Alley	33158	Miami	Florida
Hinda Egle of Germany	hegleg3@t.co	8 Caliangt Street	11210	Brooklyn	New York
Evin Porritt	eporrittg4@clickbank.net	03394 Marquette Terrace	93773	Fresno	California
Jenna Darrell	jdarrellg5@artisteer.com	0 Amoth Circle	32236	Jacksonville	Florida
Lorie Royson	lroysong6@ucoz.com	4 Lighthouse Bay Center	92013	Carlsbad	California
Josh Hobgen	jhobgeng7@tinypic.com	6997 Rieder Center	92170	San Diego	California
Jeth Buckby	jbuckbyg8@altervista.org	7080 Arapahoe Alley	32627	Gainesville	Florida
Nat Izard	nizardg9@npr.org	16 Elgar Way	75387	Dallas	Texas
Sioux Lovatt	slovattga@mashable.com	7 Riverside Court	34981	Fort Pierce	Florida
Gabbi Yurocjhin	gyurocjhingb@eventbrite.com	51225 Stone Corner Trail	94250	Sacramento	California
Mattie Goble	mgoblegc@adobe.com	5922 Sommers Drive	92878	Corona	California
Sara-ann Stennett	sstennettgd@google.fr	3758 Londonderry Avenue	95818	Sacramento	California
Mae Kleeman	mkleemange@mit.edu	6 Manitowish Hill	10270	New York City	New York
Tracey Sheeres	tsheeresgf@squarespace.com	83 Magdeline Drive	79165	Amarillo	Texas
Timothea Grinov	tgrinovgg@amazon.de	6533 Mitchell Alley	32309	Tallahassee	Florida
Hilde Petters	hpettersgh@fotki.com	1532 West Lane	93715	Fresno	California
Ethelred Brockman	ebrockmangi@newsvine.com	21 Meadow Valley Hill	90805	Long Beach	California
Almire Blasio	ablasiogj@skyrock.com	04 Stephen Alley	78205	San Antonio	Texas
Jada Benedict	jbenedictgk@hibu.com	9912 Di Loreto Circle	76011	Arlington	Texas
Noel Tolland	ntollandgl@phpbb.com	18231 Anthes Hill	77386	Spring	Texas
Hewie Sparshett	hsparshettgm@alibaba.com	38870 Tennyson Drive	34981	Fort Pierce	Florida
Brittaney Woffinden	bwoffindengn@un.org	6 Clemons Point	33487	Boca Raton	Florida
Teresa Ruffey	truffeygo@jimdo.com	350 Ridgeview Avenue	93907	Salinas	California
Haskell Orsman	horsmangp@cnn.com	9 Alpine Place	75236	Dallas	Texas
Damian Martinie	dmartiniegq@berkeley.edu	91507 American Street	77305	Conroe	Texas
Delores Drover	ddrovergr@imgur.com	7636 Grover Point	32230	Jacksonville	Florida
Roobbie Cusworth	rcusworthgs@bravesites.com	1736 Pennsylvania Hill	90805	Long Beach	California
Carlie Zisneros	czisnerosgt@time.com	13596 Basil Street	33436	Boynton Beach	Florida
Veronike Dominichelli	vdominichelligu@ovh.net	90 Northwestern Point	10310	Staten Island	New York
Carin Jolley	cjolleygv@sohu.com	28591 Mallard Court	76796	Waco	Texas
Eduard Mandre	emandregw@wikispaces.com	924 Schlimgen Way	95123	San Jose	California
Arlana Walsh	awalshgx@indiegogo.com	97314 Mockingbird Street	77234	Houston	Texas
Winona Kleynermans	wkleynermansgy@amazon.co.jp	60643 Vermont Avenue	95833	Sacramento	California
Nariko Castelot	ncastelotgz@weibo.com	52 Bultman Alley	19892	Wilmington	Delaware
Tatiania Broader	tbroaderh0@admin.ch	56 Redwing Pass	88553	El Paso	Texas
Brianna Mulqueeny	bmulqueenyh1@ustream.tv	3567 Hagan Plaza	10160	New York City	New York
Doretta End	dendh2@nymag.com	6 Hoard Crossing	94207	Sacramento	California
Kathy Lemmen	klemmenh3@163.com	797 Green Plaza	94042	Mountain View	California
Miguelita McLeman	mmclemanh4@tinyurl.com	279 Drewry Street	33448	Delray Beach	Florida
Paton Berthod	pberthodh5@imgur.com	96256 Arrowood Lane	33129	Miami	Florida
Maxie Sprules	msprulesh6@blogs.com	742 Bartelt Alley	33982	Punta Gorda	Florida
Beverley Medcalfe	bmedcalfeh7@naver.com	742 Jenna Trail	90030	Los Angeles	California
Sutton Hackleton	shackletonh8@eepurl.com	8 Ridgeway Drive	94627	Oakland	California
Desiri Leates	dleatesh9@mapquest.com	20046 Buena Vista Plaza	92056	Oceanside	California
Ginelle O'Shesnan	goshesnanha@merriam-webster.com	1 Cordelia Terrace	92725	Santa Ana	California
Kimmie Statersfield	kstatersfieldhb@usda.gov	660 Golf Road	34745	Kissimmee	Florida
Lula Caen	lcaenhc@disqus.com	216 Stang Terrace	93584	Lancaster	California
Normy Louth	nlouthhd@amazon.com	23689 Fairview Parkway	92878	Corona	California
Fernanda Ryle	frylehe@cbslocal.com	0126 Bellgrove Circle	12205	Albany	New York
Pearla Lay	playhf@wix.com	32 Northport Street	76105	Fort Worth	Texas
Brandy Osmint	bosminthg@yellowpages.com	636 Ridgeway Plaza	33411	West Palm Beach	Florida
Christoph Stogill	cstogillhh@japanpost.jp	509 Green Ridge Street	10310	Staten Island	New York
Joela Brettor	jbrettorhi@bbc.co.uk	80311 American Ash Circle	11407	Jamaica	New York
Dore Brewster	dbrewsterhj@shutterfly.com	44988 Briar Crest Park	88525	El Paso	Texas
Lilith Jezard	ljezardhk@marriott.com	217 Pawling Terrace	77260	Houston	Texas
Mirabella Ingleby	minglebyhl@bloglines.com	0779 Gale Hill	33129	Miami	Florida
Jojo Storie	jstoriehm@cbslocal.com	09921 Mallard Street	77045	Houston	Texas
Ned Bromfield	nbromfieldhn@psu.edu	3668 Sycamore Plaza	92668	Orange	California
Fidelia Fannon	ffannonho@vimeo.com	118 Sloan Circle	76178	Fort Worth	Texas
Morton Briggdale	mbriggdalehp@ca.gov	85 La Follette Park	77299	Houston	Texas
Karlik Sanday	ksandayhq@microsoft.com	8 Pearson Street	94611	Oakland	California
Melinde Potes	mpoteshr@hugedomains.com	42 Wayridge Way	14614	Rochester	New York
Gerrie Ludlow	gludlowhs@boston.com	76 Helena Junction	77493	Katy	Texas
Alisa Izakof	aizakofht@free.fr	28 Cascade Lane	33436	Boynton Beach	Florida
Hy Blazewski	hblazewskihu@dion.ne.jp	745 Kingsford Street	75277	Dallas	Texas
Alic Gun	agunhv@1688.com	62459 Gale Lane	33158	Miami	Florida
Consolata Chretien	cchretienhw@vimeo.com	328 Luster Trail	7195	Newark	New Jersey
Brad Pulsford	bpulsfordhx@webeden.co.uk	4953 Morningstar Terrace	76198	Fort Worth	Texas
Ranna MacSkeagan	rmacskeaganhy@java.com	2 Goodland Point	32885	Orlando	Florida
Missy Rhubottom	mrhubottomhz@wikimedia.org	131 Ridge Oak Drive	78225	San Antonio	Texas
Ban Skeldon	bskeldoni0@soup.io	13287 Commercial Plaza	75185	Mesquite	Texas
Katharina Artin	kartini1@oracle.com	7 Westerfield Center	75044	Garland	Texas
Britni Crabb	bcrabbi2@marketwatch.com	71500 Mesta Parkway	75287	Dallas	Texas
Opal Darmody	odarmodyi3@ftc.gov	05228 Oneill Avenue	32885	Orlando	Florida
Mariette Keneleyside	mkeneleysidei4@un.org	31384 Eagle Crest Park	32204	Jacksonville	Florida
Dorolisa Alkins	dalkinsi5@creativecommons.org	440 Homewood Hill	14619	Rochester	New York
Torey Leggon	tleggoni6@icio.us	422 Manufacturers Crossing	10060	New York City	New York
Alard Buessen	abuesseni7@hostgator.com	3 Oriole Court	88525	El Paso	Texas
Felisha Shawel	fshaweli8@go.com	880 Ronald Regan Road	33686	Tampa	Florida
Thelma Meggison	tmeggisoni9@independent.co.uk	544 Lawn Alley	88525	El Paso	Texas
Den Spirit	dspiritia@netvibes.com	06915 Bay Hill	94250	Sacramento	California
Noella Pendre	npendreib@hugedomains.com	3 Thierer Crossing	33710	Saint Petersburg	Florida
Mirilla Smeaton	msmeatonic@imdb.com	9933 Knutson Way	34282	Bradenton	Florida
Cosimo Levis	clevisid@printfriendly.com	49197 Rusk Parkway	33680	Tampa	Florida
Ezechiel Jans	ejansie@phpbb.com	09084 Clemons Crossing	8695	Trenton	New Jersey
Ulrikaumeko Egerton	uegertonif@sina.com.cn	49 Morrow Place	10045	New York City	New York
Mitzi Ludron	mludronig@quantcast.com	6 Transport Avenue	78737	Austin	Texas
Trudey Fosdick	tfosdickih@woothemes.com	38 Prairieview Point	33499	Boca Raton	Florida
Ellette McMonies	emcmoniesii@blogs.com	3096 Crest Line Plaza	33448	Delray Beach	Florida
Fidelia Sheaf	fsheafij@shareasale.com	400 Northland Terrace	91210	Glendale	California
Lila Van den Bosch	lvanik@oaic.gov.au	60 Warrior Terrace	93584	Lancaster	California
Aksel Halstead	ahalsteadil@stanford.edu	94732 Gulseth Road	88574	El Paso	Texas
Merissa Rusling	mruslingim@about.me	8 Caliangt Place	34981	Fort Pierce	Florida
Estrellita Poyntz	epoyntzin@unblog.fr	83677 Jenifer Alley	94297	Sacramento	California
Jordan O'Crowley	jocrowleyio@networksolutions.com	72685 Crowley Court	32204	Jacksonville	Florida
Aurelia Haszard	ahaszardip@patch.com	229 Heffernan Avenue	77085	Houston	Texas
Tamma Winterflood	twinterfloodiq@jimdo.com	70 Miller Hill	8695	Trenton	New Jersey
David McCormick	dmccormickir@soundcloud.com	2493 Oakridge Place	76192	Fort Worth	Texas
Arabele Micah	amicahis@nba.com	2210 Summerview Terrace	33064	Pompano Beach	Florida
Pete Rzehor	przehorit@house.gov	94 Continental Point	33661	Tampa	Florida
Connor Brockington	cbrockingtoniu@abc.net.au	702 Bay Lane	33196	Miami	Florida
Blaire O Sullivan	boiv@slate.com	9 Dunning Point	32255	Jacksonville	Florida
Felice Tomkin	ftomkiniw@networksolutions.com	048 Goodland Lane	33175	Miami	Florida
Ella Gledhall	egledhallix@umich.edu	89492 Service Drive	75210	Dallas	Texas
Olenolin Wallace	owallaceiy@cam.ac.uk	7411 Eggendart Park	95138	San Jose	California
Peg Chucks	pchucksiz@nydailynews.com	9 6th Park	33405	West Palm Beach	Florida
Loraine Helsdon	lhelsdonj0@globo.com	56357 American Crossing	91210	Glendale	California
Rodolph Gladdifh	rgladdifhj1@arstechnica.com	7166 Dapin Way	12305	Schenectady	New York
Carter Barke	cbarkej2@gravatar.com	83461 Myrtle Road	14619	Rochester	New York
Merrill Speachley	mspeachleyj3@bloglovin.com	0697 Armistice Parkway	10004	New York City	New York
Martguerita Wisson	mwissonj4@vkontakte.ru	72268 Welch Terrace	10464	Bronx	New York
David Knottley	dknottleyj5@free.fr	6 Spenser Street	90010	Los Angeles	California
Peyter Sails	psailsj6@feedburner.com	641 Dryden Terrace	32825	Orlando	Florida
Sherwin Coultar	scoultarj7@com.com	2 Anderson Crossing	94237	Sacramento	California
Karna Ochterlonie	kochterloniej8@elpais.com	7917 Cardinal Terrace	76121	Fort Worth	Texas
Ines Hitzke	ihitzkej9@mtv.com	76674 Sauthoff Place	75277	Dallas	Texas
Karna Wilsey	kwilseyja@twitpic.com	88 Dryden Park	32123	Daytona Beach	Florida
Gustavus Phelan	gphelanjb@amazon.co.uk	49 Chive Center	10039	New York City	New York
Idell Skerme	iskermejc@typepad.com	25 Oriole Way	90410	Santa Monica	California
Jarvis Gaven	jgavenjd@livejournal.com	7110 Thompson Drive	95210	Stockton	California
Emmet Laxon	elaxonje@wired.com	1219 Algoma Circle	77346	Humble	Texas
Siouxie Petti	spettijf@facebook.com	4 Barby Avenue	33436	Boynton Beach	Florida
Ettie Winslade	ewinsladejg@etsy.com	55 Stang Trail	78410	Corpus Christi	Texas
Fredericka Block	fblockjh@ehow.com	30401 Mayer Center	11024	Great Neck	New York
Estrella Borton	ebortonji@meetup.com	01622 Sunfield Terrace	75342	Dallas	Texas
Kelcey Pacht	kpachtjj@huffingtonpost.com	58688 Valley Edge Drive	75277	Dallas	Texas
Antonin Hansie	ahansiejk@sbwire.com	9 Bellgrove Alley	91199	Pasadena	California
Berrie Aupol	baupoljl@indiegogo.com	03 Corscot Junction	34629	Clearwater	Florida
Nicolea Rochester	nrochesterjm@vistaprint.com	05224 Stang Point	32244	Jacksonville	Florida
Aldon Alison	aalisonjn@edublogs.org	511 Ruskin Terrace	78715	Austin	Texas
Raphael Cromie	rcromiejo@bandcamp.com	229 Dwight Trail	94250	Sacramento	California
Gerrilee Henden	ghendenjp@ft.com	3584 Graceland Crossing	92165	San Diego	California
Rorke Colleer	rcolleerjq@drupal.org	16 Sunnyside Terrace	33129	Miami	Florida
Lennard Steptowe	lsteptowejr@people.com.cn	82058 Bartillon Crossing	90005	Los Angeles	California
Winfield Wasbrough	wwasbroughjs@ameblo.jp	7 Haas Way	92165	San Diego	California
Madelena Dufour	mdufourjt@tinypic.com	19744 Randy Parkway	79999	El Paso	Texas
Bernarr Danks	bdanksju@etsy.com	28 Homewood Parkway	90065	Los Angeles	California
Norina Dronsfield	ndronsfieldjv@de.vu	5 Carpenter Alley	95813	Sacramento	California
Kelsey Maes	kmaesjw@nasa.gov	024 Fulton Street	13205	Syracuse	New York
Guenna Readie	greadiejx@marketwatch.com	5 Valley Edge Crossing	33190	Miami	Florida
Dulcine Brettor	dbrettorjy@csmonitor.com	84595 Pine View Trail	95064	Santa Cruz	California
Ailene Portam	aportamjz@creativecommons.org	97 Manufacturers Place	10459	Bronx	New York
Yasmin Nekrews	ynekrewsk0@sakura.ne.jp	2981 Surrey Trail	92825	Anaheim	California
Burch Hairyes	bhairyesk1@slate.com	690 Helena Hill	75287	Dallas	Texas
Brian Grzeskowski	bgrzeskowskik2@php.net	6 Debra Drive	94273	Sacramento	California
Paxton Marco	pmarcok3@storify.com	8830 Esch Hill	77493	Katy	Texas
Farleigh Bilt	fbiltk4@about.com	59 Carberry Plaza	94627	Oakland	California
Marten Lindhe	mlindhek5@ihg.com	5265 Monterey Court	34643	Largo	Florida
Shawn Duckit	sduckitk6@opera.com	66319 Pearson Point	75210	Dallas	Texas
Dyan Benedidick	dbenedidickk7@wisc.edu	3935 Troy Point	94159	San Francisco	California
Kakalina Matijevic	kmatijevick8@ameblo.jp	457 Londonderry Trail	76129	Fort Worth	Texas
Giulia Sire	gsirek9@networkadvertising.org	2067 Waubesa Park	88514	El Paso	Texas
Rivi McLeese	rmcleeseka@twitpic.com	35 Debs Way	92835	Fullerton	California
Yasmin Grant	ygrantkb@hud.gov	08034 Grim Junction	77035	Houston	Texas
Jere Scallan	jscallankc@irs.gov	1 Kings Center	11407	Jamaica	New York
Ladonna Horney	lhorneykd@chronoengine.com	364 Messerschmidt Alley	92132	San Diego	California
Paulette Spilling	pspillingke@desdev.cn	2530 Sage Avenue	32575	Pensacola	Florida
Des McGennis	dmcgenniskf@gov.uk	0 Eagle Crest Road	77305	Conroe	Texas
Morie Pillinger	mpillingerkg@epa.gov	862 Starling Way	76105	Fort Worth	Texas
Gena Dallimare	gdallimarekh@wikispaces.com	1925 Oakridge Junction	92844	Garden Grove	California
Pren De Micoli	pdeki@deviantart.com	9 Scofield Road	76121	Fort Worth	Texas
Elisabet Tisun	etisunkj@nydailynews.com	8 Carey Terrace	34282	Bradenton	Florida
Felicia Luckman	fluckmankk@buzzfeed.com	6714 Cascade Pass	75387	Dallas	Texas
Elinor Kalkofer	ekalkoferkl@go.com	23 Morningstar Pass	10184	New York City	New York
Hodge Logsdail	hlogsdailkm@dell.com	57 Pierstorff Point	7112	Newark	New Jersey
Kalle Ortler	kortlerkn@desdev.cn	1 Scott Hill	95160	San Jose	California
Hayes Flohard	hflohardko@wordpress.com	04 West Trail	90189	Los Angeles	California
Margaretha Hirthe	mhirthekp@tmall.com	284 Bowman Alley	78220	San Antonio	Texas
Horatio Steckings	hsteckingskq@earthlink.net	4 Ohio Lane	79934	El Paso	Texas
Toni Koubu	tkoubukr@creativecommons.org	91669 Fieldstone Plaza	77095	Houston	Texas
Chance Stagg	cstaggks@odnoklassniki.ru	06 Sunbrook Parkway	76115	Fort Worth	Texas
Lindsy Dignon	ldignonkt@sitemeter.com	59 Buhler Circle	11210	Brooklyn	New York
Ted Shervil	tshervilku@adobe.com	97594 Heffernan Junction	76105	Fort Worth	Texas
Isabella McComb	imccombkv@epa.gov	540 Sunbrook Junction	90410	Santa Monica	California
Granny Begin	gbeginkw@kickstarter.com	077 Sunnyside Parkway	33487	Boca Raton	Florida
Thomasine Elsmor	telsmorkx@dot.gov	141 Red Cloud Trail	75049	Garland	Texas
Freddie Lancetter	flancetterky@pen.io	02818 Kipling Court	94089	Sunnyvale	California
Moria Lofty	mloftykz@nifty.com	275 Eagle Crest Court	33994	Fort Myers	Florida
Louisette Ochiltree	lochiltreel0@bandcamp.com	37984 Basil Terrace	14683	Rochester	New York
Kalle Espadate	kespadatel1@scientificamerican.com	38994 Dryden Center	14619	Rochester	New York
Billy Jubert	bjubertl2@scientificamerican.com	8498 Hollow Ridge Plaza	79999	El Paso	Texas
Robby Jannings	rjanningsl3@reverbnation.com	4789 Elmside Point	14619	Rochester	New York
Gerek Weavill	gweavilll4@github.io	0 Reinke Point	77070	Houston	Texas
Sammy Egglestone	segglestonel5@canalblog.com	88 Magdeline Crossing	93591	Palmdale	California
Renard Poel	rpoell6@reuters.com	1946 Warrior Trail	32209	Jacksonville	Florida
Parnell Filipson	pfilipsonl7@chronoengine.com	61749 Esch Hill	33190	Miami	Florida
Sherilyn Marchenko	smarchenkol8@intel.com	11516 Ramsey Hill	32575	Pensacola	Florida
Maddy Crellin	mcrellinl9@quantcast.com	55946 Golf View Lane	76105	Fort Worth	Texas
Gauthier Peggs	gpeggsla@uol.com.br	0 Kingsford Junction	77035	Houston	Texas
Ahmed Lorrie	alorrielb@rediff.com	62030 Lien Park	11215	Brooklyn	New York
Homere Treasaden	htreasadenlc@odnoklassniki.ru	0676 Roxbury Parkway	78726	Austin	Texas
Theda Parcall	tparcallld@wikia.com	316 Lukken Street	75310	Dallas	Texas
Rosalynd Comford	rcomfordle@exblog.jp	59436 Waywood Trail	11054	Port Washington	New York
Tobie Meacher	tmeacherlf@hao123.com	4 Helena Center	75044	Garland	Texas
Aloysius Fenimore	afenimorelg@ning.com	938 Goodland Center	77305	Conroe	Texas
Robinia Trustie	rtrustielh@wsj.com	9246 Myrtle Place	79705	Midland	Texas
Rosamund Gebhard	rgebhardli@booking.com	3 Sullivan Terrace	75387	Dallas	Texas
Edik Kitley	ekitleylj@wix.com	3 Iowa Court	14683	Rochester	New York
Kissie Tredget	ktredgetlk@symantec.com	6240 Stone Corner Park	78737	Austin	Texas
Matteo Gorthy	mgorthyll@com.com	7 Moulton Court	94159	San Francisco	California
Adel Corby	acorbylm@mediafire.com	996 Clemons Crossing	33169	Miami	Florida
Sidoney Fleming	sflemingln@wufoo.com	869 Little Fleur Parkway	33190	Miami	Florida
Annalise Culter	aculterlo@google.cn	90 Fremont Junction	34620	Clearwater	Florida
Gianna Hallyburton	ghallyburtonlp@friendfeed.com	77 Montana Place	77234	Houston	Texas
Gustavo Steeples	gsteepleslq@goo.gl	15 Fairview Center	77085	Houston	Texas
Onfre Skitch	oskitchlr@washingtonpost.com	2 Eggendart Circle	78764	Austin	Texas
Ninnette Turgoose	nturgoosels@behance.net	62 Loomis Place	95973	Chico	California
Lorrayne Fone	lfonelt@washingtonpost.com	4 Westport Park	79171	Amarillo	Texas
Marthe Falla	mfallalu@harvard.edu	128 Transport Way	33416	West Palm Beach	Florida
Putnem Seabrooke	pseabrookelv@dion.ne.jp	9072 Brentwood Crossing	8104	Camden	New Jersey
Puff Rissom	prissomlw@angelfire.com	46616 Evergreen Road	95128	San Jose	California
Melesa Loach	mloachlx@utexas.edu	9575 Union Junction	7112	Newark	New Jersey
Mauricio Tonner	mtonnerly@marketwatch.com	3622 Bluejay Road	11054	Port Washington	New York
Mellisa Barneville	mbarnevillelz@ox.ac.uk	3 Washington Junction	79171	Amarillo	Texas
Fleurette Fake	ffakem0@storify.com	903 Brickson Park Crossing	95128	San Jose	California
Karee Cheng	kchengm1@discuz.net	76 Anderson Terrace	33129	Miami	Florida
Chelsae Alejandri	calejandrim2@google.fr	3936 Annamark Hill	33673	Tampa	Florida
Blondie Spratling	bspratlingm3@cnn.com	8999 Glendale Pass	90189	Los Angeles	California
Kinna Mounch	kmounchm4@ucoz.com	6 American Ash Place	33436	Boynton Beach	Florida
Jess Osgodby	josgodbym5@phoca.cz	75 Marquette Crossing	93715	Fresno	California
Brittaney Joburn	bjoburnm6@e-recht24.de	7 Bay Terrace	88546	El Paso	Texas
Malanie Whitham	mwhithamm7@discovery.com	4719 Erie Drive	91131	Pasadena	California
Lavina Sadlier	lsadlierm8@yale.edu	07 Briar Crest Center	95064	Santa Cruz	California
Vivianne Darrington	vdarringtonm9@imdb.com	6797 Arizona Street	95833	Sacramento	California
Kristel Keppie	kkeppiema@reuters.com	3 Morning Alley	90605	Whittier	California
Janeta Pagin	jpaginmb@mayoclinic.com	68373 Nancy Alley	88574	El Paso	Texas
Cindee McKaile	cmckailemc@chronoengine.com	3 Fairview Way	75310	Dallas	Texas
Bert Kiff	bkiffmd@tripadvisor.com	862 Fairfield Avenue	32868	Orlando	Florida
Gigi Goacher	ggoacherme@ucoz.ru	67205 Little Fleur Point	94207	Sacramento	California
Harmonie Lazell	hlazellmf@engadget.com	68534 Center Point	11254	Brooklyn	New York
Olivero Baggot	obaggotmg@archive.org	28748 Vera Plaza	76705	Waco	Texas
Kendra Wanklin	kwanklinmh@yellowpages.com	1909 2nd Avenue	10469	Bronx	New York
Barbi Kingscote	bkingscotemi@vistaprint.com	1955 Erie Hill	93094	Simi Valley	California
Susann Duthy	sduthymj@soup.io	60 Calypso Alley	75205	Dallas	Texas
Johnna Reeday	jreedaymk@yolasite.com	5455 Dahle Alley	90005	Los Angeles	California
Marji Leffek	mleffekml@purevolume.com	2543 Anthes Hill	75185	Mesquite	Texas
Berti Dulson	bdulsonmm@apache.org	60208 Crowley Junction	11024	Great Neck	New York
Benedick Lantuff	blantuffmn@qq.com	322 Dexter Parkway	94611	Oakland	California
Myranda Lantaph	mlantaphmo@live.com	89714 Ilene Point	33023	Hollywood	Florida
Julieta Faucherand	jfaucherandmp@scientificamerican.com	816 Graceland Trail	94611	Oakland	California
Felipe Gillion	fgillionmq@mozilla.com	360 South Junction	32595	Pensacola	Florida
Ferdy Abbs	fabbsmr@mapy.cz	400 Mitchell Pass	78732	Austin	Texas
Hanny Kyffin	hkyffinms@oracle.com	87 Lawn Way	77293	Houston	Texas
Briny Tredinnick	btredinnickmt@ocn.ne.jp	2 Eagan Pass	14905	Elmira	New York
Kylen Hanbury-Brown	khanburybrownmu@mashable.com	92564 Thierer Hill	91103	Pasadena	California
Kaleb Cable	kcablemv@cmu.edu	6753 Glacier Hill Lane	33805	Lakeland	Florida
Kailey Ambrogelli	kambrogellimw@europa.eu	496 Transport Hill	90831	Long Beach	California
Beauregard Tynnan	btynnanmx@hp.com	3 Portage Point	34114	Naples	Florida
Robinia Abrahim	rabrahimmy@barnesandnoble.com	4 8th Pass	8650	Trenton	New Jersey
Nathaniel Garfirth	ngarfirthmz@tinyurl.com	2793 Fieldstone Trail	94207	Sacramento	California
Barbie Dickerson	bdickersonn0@yolasite.com	81 Burning Wood Circle	79165	Amarillo	Texas
Jere Harkins	jharkinsn1@ucoz.ru	7 Burning Wood Road	34642	Seminole	Florida
Chen Willett	cwillettn2@pcworld.com	773 Bunting Street	19810	Wilmington	Delaware
Winifield Cristou	wcristoun3@omniture.com	52 Superior Circle	77288	Houston	Texas
Zelma Kayser	zkaysern4@godaddy.com	658 Duke Hill	77234	Houston	Texas
Zorina Biddy	zbiddyn5@rambler.ru	2596 Milwaukee Center	93773	Fresno	California
Carlene Bachelar	cbachelarn6@technorati.com	1517 Stang Plaza	78764	Austin	Texas
Stanton Heaven	sheavenn7@addtoany.com	8 Schiller Hill	94611	Oakland	California
Tiffy Starmont	tstarmontn8@pagesperso-orange.fr	0 Monica Lane	79999	El Paso	Texas
Humfrey Hassewell	hhassewelln9@merriam-webster.com	9 Forest Plaza	12305	Schenectady	New York
Marylinda Klamman	mklammanna@hatena.ne.jp	943 Hoffman Junction	11355	Flushing	New York
Jeff Jumonet	jjumonetnb@bloglovin.com	4863 Bashford Pass	94913	San Rafael	California
Genia Gauch	ggauchnc@nsw.gov.au	0769 Pine View Place	93715	Fresno	California
Serena Featenby	sfeatenbynd@ibm.com	38146 Thompson Alley	34642	Seminole	Florida
Jess Searson	jsearsonne@vkontakte.ru	51 Hermina Hill	95064	Santa Cruz	California
Charis Delgaty	cdelgatynf@nature.com	70 Thierer Plaza	92668	Orange	California
Ludwig Sorby	lsorbyng@whitehouse.gov	796 Hallows Circle	78278	San Antonio	Texas
Lonnie Witnall	lwitnallnh@blog.com	29 Hoffman Drive	10160	New York City	New York
Tessy Giovannazzi	tgiovannazzini@comcast.net	68279 Ramsey Hill	32309	Tallahassee	Florida
Stephan Spreckley	sspreckleynj@huffingtonpost.com	1535 Sundown Street	77346	Humble	Texas
Friedrich Spadelli	fspadellink@youtube.com	84 Oxford Crossing	95064	Santa Cruz	California
Minor Genicke	mgenickenl@auda.org.au	0 Loeprich Terrace	33686	Tampa	Florida
Herc Dearnly	hdearnlynm@cbslocal.com	4139 Forest Run Hill	93726	Fresno	California
Ailene Agronski	aagronskinn@ucoz.ru	1 Bayside Drive	91131	Pasadena	California
Kingsly Bowcher	kbowcherno@slate.com	8576 Almo Court	76796	Waco	Texas
Kendrick Bowes	kbowesnp@reuters.com	96 Crest Line Park	77228	Houston	Texas
Carrissa Poolton	cpooltonnq@cdbaby.com	9749 Brentwood Hill	32304	Tallahassee	Florida
Alister Avraham	aavrahamnr@bbb.org	6 Onsgard Park	33158	Miami	Florida
Sonni Costelow	scostelowns@prnewswire.com	8 Paget Road	93762	Fresno	California
Bertram Tamblyn	btamblynnt@fda.gov	14 West Court	79940	El Paso	Texas
Malissa Shankster	mshanksternu@utexas.edu	67 Chinook Alley	76796	Waco	Texas
Maximilien Truin	mtruinnv@techcrunch.com	709 Badeau Court	14609	Rochester	New York
Toby Pavlishchev	tpavlishchevnw@bravesites.com	2 Park Meadow Junction	90805	Long Beach	California
Frederich O'Henehan	fohenehannx@irs.gov	95888 Messerschmidt Circle	10045	New York City	New York
Newton Calbert	ncalbertny@accuweather.com	2782 Brentwood Way	76705	Waco	Texas
Tania Corry	tcorrynz@cbslocal.com	25 Annamark Terrace	32244	Jacksonville	Florida
Buiron How	bhowo0@wikimedia.org	692 Charing Cross Avenue	93704	Fresno	California
Ira Learmonth	ilearmontho1@fda.gov	41 Susan Street	78220	San Antonio	Texas
Conn Woodworth	cwoodwortho2@paypal.com	88 Merchant Drive	75379	Dallas	Texas
Brock Givens	bgivenso3@sogou.com	4 Schurz Way	93762	Fresno	California
Orelie Brownett	obrownetto4@github.io	5 Meadow Ridge Point	34108	Naples	Florida
Tobye Seedhouse	tseedhouseo5@mayoclinic.com	07 Katie Place	32236	Jacksonville	Florida
Shelley Struthers	sstrutherso6@behance.net	7430 Reinke Junction	77234	Houston	Texas
Dewitt Bartolommeo	dbartolommeoo7@nationalgeographic.com	0023 Maryland Plaza	13205	Syracuse	New York
Carissa Westney	cwestneyo8@washington.edu	5908 Oneill Place	77045	Houston	Texas
Ellene Branthwaite	ebranthwaiteo9@ucsd.edu	4731 Kingsford Trail	95123	San Jose	California
Rozanne Langstaff	rlangstaffoa@alibaba.com	488 Talisman Hill	14205	Buffalo	New York
Leonelle Farherty	lfarhertyob@fastcompany.com	2 Hansons Hill	11254	Brooklyn	New York
Albert Arrol	aarroloc@elpais.com	95550 Cascade Street	79940	El Paso	Texas
Jayne Vaines	jvainesod@surveymonkey.com	50 Fairview Crossing	94089	Sunnyvale	California
Giraldo Von Der Empten	gvonoe@mayoclinic.com	90 Homewood Court	32595	Pensacola	Florida
Cornie Meegan	cmeeganof@blogspot.com	56560 5th Hill	11499	Jamaica	New York
Mia Dowzell	mdowzellog@dailymotion.com	1984 Del Mar Junction	78769	Austin	Texas
Carry Jeanneau	cjeanneauoh@cdc.gov	121 Corben Pass	92662	Newport Beach	California
Baxy Issett	bissettoi@geocities.jp	170 Comanche Parkway	93773	Fresno	California
Angelia Musslewhite	amusslewhiteoj@flickr.com	8548 Cambridge Lane	10004	New York City	New York
Brnaba Margerison	bmargerisonok@mtv.com	215 Waubesa Court	77075	Houston	Texas
Isadora Ellingford	iellingfordol@cdbaby.com	58 Goodland Drive	77299	Houston	Texas
Gertrudis Jayume	gjayumeom@irs.gov	51391 Kenwood Lane	14619	Rochester	New York
Brody Langdridge	blangdridgeon@is.gd	54 Hollow Ridge Pass	34102	Naples	Florida
Ainslie Sifflett	asifflettoo@admin.ch	38571 Orin Parkway	10184	New York City	New York
Nadia Sweeting	nsweetingop@nationalgeographic.com	0 Kim Circle	79171	Amarillo	Texas
Rockwell Drayn	rdraynoq@jimdo.com	80201 Corry Point	32092	Saint Augustine	Florida
Dani Soppit	dsoppitor@marriott.com	693 Superior Way	75372	Dallas	Texas
Janel Widdison	jwiddisonos@istockphoto.com	74311 Pond Avenue	75205	Dallas	Texas
Parry Lawles	plawlesot@woothemes.com	4 Ilene Street	77299	Houston	Texas
Ashley Wagenen	awagenenou@pagesperso-orange.fr	9998 Commercial Trail	88541	El Paso	Texas
Kali Hance	khanceov@wired.com	13 Dennis Plaza	95138	San Jose	California
Carin Bresland	cbreslandow@youtube.com	34518 Summerview Way	92619	Irvine	California
Dorine Condy	dcondyox@jugem.jp	6 Doe Crossing Point	33615	Tampa	Florida
Christabel Holgan	cholganoy@stanford.edu	0 Sherman Alley	12305	Schenectady	New York
Erma Shergold	eshergoldoz@wikia.com	24 Scott Road	75277	Dallas	Texas
Gunter Trorey	gtroreyp0@blogger.com	44076 Marcy Junction	93094	Simi Valley	California
Khalil Daintier	kdaintierp1@tripod.com	09 Michigan Way	14205	Buffalo	New York
Donavon Asty	dastyp2@plala.or.jp	9032 Gina Hill	11215	Brooklyn	New York
Tova Cordelle	tcordellep3@dot.gov	1618 Sutteridge Way	33233	Miami	Florida
Elyse Pechet	epechetp4@mysql.com	7 Roth Lane	88546	El Paso	Texas
Ema Orton	eortonp5@ucoz.com	98 Bowman Center	33129	Miami	Florida
Ian Bunton	ibuntonp6@bbb.org	4 Linden Lane	10459	Bronx	New York
Haley Cocking	hcockingp7@oracle.com	145 Sachtjen Pass	94273	Sacramento	California
Briny Poppy	bpoppyp8@businesswire.com	66 Grover Avenue	32304	Tallahassee	Florida
Rachel Mace	rmacep9@java.com	4652 Pennsylvania Terrace	77085	Houston	Texas
Orel Regardsoe	oregardsoepa@nymag.com	23130 Ronald Regan Terrace	92825	Anaheim	California
Dell Lunk	dlunkpb@deviantart.com	473 Goodland Circle	88553	El Paso	Texas
Blanch Seleway	bselewaypc@smh.com.au	2 Grim Avenue	78205	San Antonio	Texas
Anastassia Lindgren	alindgrenpd@google.fr	51 Dahle Point	88574	El Paso	Texas
Lorna Dealy	ldealype@techcrunch.com	78212 Bowman Circle	32128	Daytona Beach	Florida
Shelby Landa	slandapf@nps.gov	58 Northview Trail	11215	Brooklyn	New York
Noak Kender	nkenderpg@who.int	08022 Moland Terrace	78682	Round Rock	Texas
Emmott Ley	eleyph@squidoo.com	1202 Petterle Road	33994	Fort Myers	Florida
Melany Hakonsen	mhakonsenpi@de.vu	10130 Chinook Road	33064	Pompano Beach	Florida
Hyacintha Holtaway	hholtawaypj@fastcompany.com	59 Katie Point	75277	Dallas	Texas
Becky Peterken	bpeterkenpk@macromedia.com	5 Thackeray Parkway	90030	Los Angeles	California
Friederike Winckle	fwincklepl@globo.com	29882 Oak Place	91186	Pasadena	California
Earlie Longhorne	elonghornepm@thetimes.co.uk	457 Fallview Alley	75397	Dallas	Texas
Lilias Newark	lnewarkpn@ycombinator.com	51384 Chive Court	93907	Salinas	California
Mariann Shory	mshorypo@mashable.com	090 Brentwood Lane	32595	Pensacola	Florida
Zsa zsa Cowwell	zzsapp@deliciousdays.com	7 Memorial Trail	93715	Fresno	California
Whitby Halling	whallingpq@cargocollective.com	558 Clyde Gallagher Alley	79491	Lubbock	Texas
Pennie Sinnat	psinnatpr@multiply.com	0 Acker Center	32277	Jacksonville	Florida
Violante Frankcombe	vfrankcombeps@accuweather.com	5740 Hanson Alley	33731	Saint Petersburg	Florida
Mahala Alvin	malvinpt@over-blog.com	949 Schlimgen Crossing	88541	El Paso	Texas
Fanchon Mc Menamin	fmcpu@themeforest.net	70256 Declaration Lane	95113	San Jose	California
Tallou Marikhin	tmarikhinpv@desdev.cn	42276 Schlimgen Court	75062	Irving	Texas
Lita Allain	lallainpw@tinyurl.com	81 Ridgeway Point	94975	Petaluma	California
Oralle Hulls	ohullspx@scientificamerican.com	1 Blaine Trail	33499	Boca Raton	Florida
Giselle Matteuzzi	gmatteuzzipy@disqus.com	858 Oak Junction	93094	Simi Valley	California
Del Helversen	dhelversenpz@baidu.com	224 Kenwood Road	75287	Dallas	Texas
Lawrence Connelly	lconnellyq0@histats.com	5 Truax Center	77035	Houston	Texas
Gigi Chad	gchadq1@sciencedaily.com	9 Bartelt Court	78285	San Antonio	Texas
Goldi Leggett	gleggettq2@tripadvisor.com	0619 Shasta Terrace	10705	Yonkers	New York
Lona Huckle	lhuckleq3@typepad.com	1 Sage Point	34981	Fort Pierce	Florida
Rebekah Entres	rentresq4@cyberchimps.com	16 Shoshone Point	78737	Austin	Texas
Athena Chatten	achattenq5@wiley.com	80239 Melrose Plaza	78405	Corpus Christi	Texas
Thedrick Sheeran	tsheeranq6@skype.com	9 Nancy Lane	77305	Conroe	Texas
Ronnie Berendsen	rberendsenq7@baidu.com	3 Lien Pass	77035	Houston	Texas
Anthia Matura	amaturaq8@tripadvisor.com	9891 Moulton Lane	32830	Orlando	Florida
Lisha Keasy	lkeasyq9@samsung.com	068 Messerschmidt Crossing	93106	Santa Barbara	California
Winnie Garett	wgarettqa@phpbb.com	1 Corry Pass	10125	New York City	New York
Davie Clutram	dclutramqb@washingtonpost.com	12728 Bluejay Court	33196	Miami	Florida
Conni Kupisz	ckupiszqc@salon.com	2 Hauk Alley	76210	Denton	Texas
Emmery Vowdon	evowdonqd@umn.edu	4 Jay Trail	33982	Punta Gorda	Florida
Egbert Graser	egraserqe@reuters.com	688 Esker Avenue	33615	Tampa	Florida
Kipp Cheavin	kcheavinqf@hatena.ne.jp	03330 Loftsgordon Terrace	79977	El Paso	Texas
Chicky Manicom	cmanicomqg@slideshare.net	8078 Oxford Court	90005	Los Angeles	California
Gustavo Cogdon	gcogdonqh@mozilla.org	481 Spohn Plaza	91186	Pasadena	California
Claudina Gottschalk	cgottschalkqi@last.fm	48081 Harbort Terrace	32236	Jacksonville	Florida
Gerhardine Slot	gslotqj@washington.edu	771 Macpherson Lane	90065	Los Angeles	California
Jan Rennison	jrennisonqk@google.it	8 Doe Crossing Court	33158	Miami	Florida
Rene Hemerijk	rhemerijkql@cnet.com	0037 Sage Alley	7104	Newark	New Jersey
Archy Rosberg	arosbergqm@chicagotribune.com	9 Jackson Alley	92176	San Diego	California
Tessi Wasiela	twasielaqn@home.pl	8368 Hanover Crossing	91505	Burbank	California
Charin Dominelli	cdominelliqo@chron.com	8607 Blaine Parkway	8695	Trenton	New Jersey
Sara Alti	saltiqp@europa.eu	11342 Merchant Lane	93591	Palmdale	California
Leigh Murrie	lmurrieqq@mlb.com	41549 Eliot Trail	10469	Bronx	New York
Timofei Myott	tmyottqr@dailymail.co.uk	8964 Carberry Park	14619	Rochester	New York
Hubie Groomebridge	hgroomebridgeqs@adobe.com	9817 Kim Trail	33673	Tampa	Florida
Kikelia McTurley	kmcturleyqt@businesswire.com	60 Twin Pines Circle	79405	Lubbock	Texas
Di Summerly	dsummerlyqu@hatena.ne.jp	4 Browning Court	14619	Rochester	New York
Coretta Phlippi	cphlippiqv@fda.gov	843 Sutteridge Parkway	78285	San Antonio	Texas
Athena Leele	aleeleqw@nhs.uk	115 Bluestem Plaza	95113	San Jose	California
Sonia Twitchings	stwitchingsqx@timesonline.co.uk	58883 Kings Court	79710	Midland	Texas
Benny Stallibrass	bstallibrassqy@newsvine.com	805 Swallow Drive	92835	Fullerton	California
Jere Marginson	jmarginsonqz@latimes.com	7325 Glendale Pass	34629	Clearwater	Florida
Batholomew Morewood	bmorewoodr0@prweb.com	27738 Roxbury Drive	78278	San Antonio	Texas
Dimitry Heaford	dheafordr1@sun.com	6446 Fairview Lane	33647	Tampa	Florida
Vivianne Tuma	vtumar2@themeforest.net	9 Orin Trail	94263	Sacramento	California
Celestyna Knudsen	cknudsenr3@usda.gov	7 Northridge Pass	95064	Santa Cruz	California
Vittoria Merfin	vmerfinr4@princeton.edu	89 3rd Avenue	90094	Los Angeles	California
Nicolle Gullifant	ngullifantr5@opera.com	35 Charing Cross Crossing	19810	Wilmington	Delaware
Wynny Tee	wteer6@wix.com	94597 Hallows Park	79710	Midland	Texas
Quintilla Cancellieri	qcancellierir7@wired.com	761 John Wall Hill	90189	Los Angeles	California
Von Robertot	vrobertotr8@naver.com	9 Grover Place	94110	San Francisco	California
Phillida Lilion	plilionr9@dot.gov	9409 Scott Court	94154	San Francisco	California
Merci Burnsyde	mburnsydera@abc.net.au	7581 New Castle Crossing	77090	Houston	Texas
Alma Been	abeenrb@yolasite.com	26 Clemons Crossing	10184	New York City	New York
Leonhard Ainsby	lainsbyrc@intel.com	8 Sugar Court	76598	Gatesville	Texas
Sofie D'Antonio	sdantoniord@ovh.net	88 Summer Ridge Lane	94291	Sacramento	California
Spike Sybry	ssybryre@shareasale.com	3 Farragut Point	33405	West Palm Beach	Florida
Remington Corck	rcorckrf@i2i.jp	2595 Utah Lane	95123	San Jose	California
Bea Wigsell	bwigsellrg@dedecms.com	0 Oakridge Alley	92835	Fullerton	California
Talbot Salle	tsallerh@prweb.com	75674 Roth Way	75372	Dallas	Texas
Reinhard Weddell	rweddellri@seattletimes.com	463 Summer Ridge Lane	78769	Austin	Texas
Inger Bucknall	ibucknallrj@de.vu	58 Del Sol Avenue	75185	Mesquite	Texas
Melli Cockitt	mcockittrk@gravatar.com	3125 Fulton Plaza	34282	Bradenton	Florida
Britt Stiddard	bstiddardrl@odnoklassniki.ru	26 Muir Pass	90076	Los Angeles	California
Vinnie Antoney	vantoneyrm@cnet.com	45 3rd Crossing	90035	Los Angeles	California
Thebault Ranald	tranaldrn@ucsd.edu	88513 Pleasure Terrace	77070	Houston	Texas
Peggi Rosendale	prosendalero@upenn.edu	29606 Miller Park	94159	San Francisco	California
Pearle Knutsen	pknutsenrp@nbcnews.com	79 Grasskamp Parkway	93591	Palmdale	California
Lock Maith	lmaithrq@bandcamp.com	41 Veith Junction	92165	San Diego	California
Ewell Scarr	escarrrr@bloglines.com	7907 Jenna Terrace	14683	Rochester	New York
